,Date,User,Comment,subject,post_date,post_link,report_link
0,23/05/2023 5:23 PM,guilherme_sem_j,"No caso o certo √© o passageiro perguntar se tem troco, se n√£o tiver vai na frente e desce no seu destino!!!","
",20/05/2023 10:27:04 pm,https://www.instagram.com/p/CsfJl0RtQIh/,https://api.iconosquare.com/file-downloader/exports/ZXhwb3J0cy9jb=21tZW50cy8yNzIwMzEzLzE2MDA4NjQvY29tbWVudHNfZXhwb3J0c19ldXNvdWFtb21fMjAyMzA1=MjQxODA2MzJfNjQ2ZTUyMjg2NTRiZS54bHN4
1,23/05/2023 5:04 PM,vanice_campos39,"J√° pag√°vamos 4,00 reais apenas aumentou 0,50 logo acustumamos","
",20/05/2023 10:27:04 pm,https://www.instagram.com/p/CsfJl0RtQIh/,https://api.iconosquare.com/file-downloader/exports/ZXhwb3J0cy9jb=21tZW50cy8yNzIwMzEzLzE2MDA4NjQvY29tbWVudHNfZXhwb3J0c19ldXNvdWFtb21fMjAyMzA1=MjQxODA2MzJfNjQ2ZTUyMjg2NTRiZS54bHN4
2,23/05/2023 4:29 PM,salles_juliana,"Receio estamos do ABUSO DE AUTORIDADE DESCARADO DO STE E TSE. Qual √© a sua posi√ß√£o sobre isso? Voc√™ apoia??? Deputado, assine a #cpidoabusodeautoridade. N√£o podemos deixar impunes aqueles que est√£o afrontando e rasgando a nossa Constitui√ß√£o. Precisamos lutar contra o ABUSO DE PODER, as inconstitucionalidades descaradas e a utiliza√ß√£o da Lei como uma arma contra sociedade ! Estamos vivendo absurdos !!! O POVO BRASILEIRO N√ÉO AGUENTA MAIS!! Precisamos de voc√™!! Ajude a na√ß√£o e seja lembrado por isso. O STF √© TSE est√£o invadindo as compet√™ncias do legislativo e enfraquecendo o congresso nacional, n√£o deixem isso acontecer ! N√≥s votamos em voc√™s e n√£o nesses ministros abusivos!
N√ÉO VAMOS SOSSEGAR AT√â QUE A NOSSA CONSTITUI√á√ÉO SEJA RESPEITADA!!!","
",20/05/2023 10:27:04 pm,https://www.instagram.com/p/CsfJl0RtQIh/,https://api.iconosquare.com/file-downloader/exports/ZXhwb3J0cy9jb=21tZW50cy8yNzIwMzEzLzE2MDA4NjQvY29tbWVudHNfZXhwb3J0c19ldXNvdWFtb21fMjAyMzA1=MjQxODA2MzJfNjQ2ZTUyMjg2NTRiZS54bHN4
3,23/05/2023 2:40 PM,eu_azevedolucas,Fora a gentileza dos funcion√°rios (cobradores e motoristas),"
",20/05/2023 10:27:04 pm,https://www.instagram.com/p/CsfJl0RtQIh/,https://api.iconosquare.com/file-downloader/exports/ZXhwb3J0cy9jb=21tZW50cy8yNzIwMzEzLzE2MDA4NjQvY29tbWVudHNfZXhwb3J0c19ldXNvdWFtb21fMjAyMzA1=MjQxODA2MzJfNjQ2ZTUyMjg2NTRiZS54bHN4
4,23/05/2023 1:47 PM,rafofito,T√°s sendo devorado por Bolsominions n√© amigo ? S√≥ pra vc ver o n√≠vel da loucura dessa seita,"
",20/05/2023 10:27:04 pm,https://www.instagram.com/p/CsfJl0RtQIh/,https://api.iconosquare.com/file-downloader/exports/ZXhwb3J0cy9jb=21tZW50cy8yNzIwMzEzLzE2MDA4NjQvY29tbWVudHNfZXhwb3J0c19ldXNvdWFtb21fMjAyMzA1=MjQxODA2MzJfNjQ2ZTUyMjg2NTRiZS54bHN4
5,23/05/2023 1:33 PM,_gabieamorim,"Assine a CPI do abuso de autoridade do STF e do TSE, deputado!!!","
",20/05/2023 10:27:04 pm,https://www.instagram.com/p/CsfJl0RtQIh/,https://api.iconosquare.com/file-downloader/exports/ZXhwb3J0cy9jb=21tZW50cy8yNzIwMzEzLzE2MDA4NjQvY29tbWVudHNfZXhwb3J0c19ldXNvdWFtb21fMjAyMzA1=MjQxODA2MzJfNjQ2ZTUyMjg2NTRiZS54bHN4
6,23/05/2023 12:30 PM,conesulmanaus,https://g1.globo.com/am/amazonas/playlist/jam-2-edicao-de-segunda-feira-22-de-maio-de-2023.ghtml#video-11638934-id,"
",20/05/2023 10:27:04 pm,https://www.instagram.com/p/CsfJl0RtQIh/,https://api.iconosquare.com/file-downloader/exports/ZXhwb3J0cy9jb=21tZW50cy8yNzIwMzEzLzE2MDA4NjQvY29tbWVudHNfZXhwb3J0c19ldXNvdWFtb21fMjAyMzA1=MjQxODA2MzJfNjQ2ZTUyMjg2NTRiZS54bHN4
7,23/05/2023 11:28 AM,ei_hortencia,O ch√£o pintado üòÇüòÇüòÇüòÇ,"
",20/05/2023 10:27:04 pm,https://www.instagram.com/p/CsfJl0RtQIh/,https://api.iconosquare.com/file-downloader/exports/ZXhwb3J0cy9jb=21tZW50cy8yNzIwMzEzLzE2MDA4NjQvY29tbWVudHNfZXhwb3J0c19ldXNvdWFtb21fMjAyMzA1=MjQxODA2MzJfNjQ2ZTUyMjg2NTRiZS54bHN4
8,23/05/2023 12:55 AM,mary_pereira_lira,"Acabei de curtir a sua p√°gina, somente para lhe fazer um pedido que no momento acho que √© de maior import√¢ncia, n√≥s Brasileiros, n√£o aguentamos mas ver os ministros do STF mandando e demandando no pa√≠s, desrespeitando a nossa constitui√ß√£o, precisamos que voc√™s deputados assinem a CPI do abuso de autoridade, somente assim nos ficaremos livres da tirania do ministro Alexandre de Morais.","
",20/05/2023 10:27:04 pm,https://www.instagram.com/p/CsfJl0RtQIh/,https://api.iconosquare.com/file-downloader/exports/ZXhwb3J0cy9jb=21tZW50cy8yNzIwMzEzLzE2MDA4NjQvY29tbWVudHNfZXhwb3J0c19ldXNvdWFtb21fMjAyMzA1=MjQxODA2MzJfNjQ2ZTUyMjg2NTRiZS54bHN4
9,22/05/2023 11:19 PM,dailsonqueirozcorrea,"Deputado vc tem que conhecer a realidade do interior, s√≥ falam em preserva√ß√£o,  √© o ser humana n√£o edta nesta preserva√ß√£o,  tudo que falam  √© nada mais que mera mentira, dizem que est√£o desmaiando, a lei ambiental √© muito clara, pode desmatar 20 de √°reas para subsist√™ncia do homem do interior, at√© agora s√≥ foi demasia apenas 2, 4% de √°reas no Amazonas, ent√£o pode desmatar 17,6 %, tudo que falam √© apenas senssacionalus √© falta de conhecimento, o senhor apoia um grupo que encabe√ßado por F√°bio Gallido, uns picaretas que dizembquere fazer certifica√ß√£o de cr√©dito de carbono, isso s√≥ uma maneira de grilagem terras no sul do Amazonas, isso √© uma venho, esta o gritando e sevapossando de 200 mil hectareas de terras, √© o senhor apoia uma pouca vergonha desse tema, esta tirando povo do sucunduri, espero que o senhor tome vergonha disso tudo √© fa√ßa alguma coisa porque a den√∫ncia j√° foi feito junto ao minist√©rio p√∫blico Federal e a pol√≠cia federal para se tome as provid√™ncias necess√°rias assim pediram essa quadrilha. Isso vai mancha sua trajet√≥ria, s√£o v√°rias certid√µes falsas. Espero que vc tome o caminho de expulsar esse seus amigos , n√£o √© poss√≠vel que o senhor continue dando a poioba um bando de picaretas, que est√£o incomodando as pobres RIBEIRINHOS E tomando o direito de vidas das pessoas do interior, talvez o senhor apoia essas pessoas por nasceu ber√ßo de ouro","
",20/05/2023 10:27:04 pm,https://www.instagram.com/p/CsfJl0RtQIh/,https://api.iconosquare.com/file-downloader/exports/ZXhwb3J0cy9jb=21tZW50cy8yNzIwMzEzLzE2MDA4NjQvY29tbWVudHNfZXhwb3J0c19ldXNvdWFtb21fMjAyMzA1=MjQxODA2MzJfNjQ2ZTUyMjg2NTRiZS54bHN4
10,22/05/2023 10:22 PM,cristina.sinascimento,Pov√£o na rua!!!,"
",20/05/2023 10:27:04 pm,https://www.instagram.com/p/CsfJl0RtQIh/,https://api.iconosquare.com/file-downloader/exports/ZXhwb3J0cy9jb=21tZW50cy8yNzIwMzEzLzE2MDA4NjQvY29tbWVudHNfZXhwb3J0c19ldXNvdWFtb21fMjAyMzA1=MjQxODA2MzJfNjQ2ZTUyMjg2NTRiZS54bHN4
11,22/05/2023 9:58 PM,karingrazziotin,Contamos com seu apoio para a abertura da CPI de Abuso de Autoridade. Fa√ßa valer a sua voz. O Brasil agradece!,"
",20/05/2023 10:27:04 pm,https://www.instagram.com/p/CsfJl0RtQIh/,https://api.iconosquare.com/file-downloader/exports/ZXhwb3J0cy9jb=21tZW50cy8yNzIwMzEzLzE2MDA4NjQvY29tbWVudHNfZXhwb3J0c19ldXNvdWFtb21fMjAyMzA1=MjQxODA2MzJfNjQ2ZTUyMjg2NTRiZS54bHN4
12,22/05/2023 9:20 PM,waldeneidelima,@eusouamom assine a CPI do abuso de autoridade. Contamos  com seu voto,"
",20/05/2023 10:27:04 pm,https://www.instagram.com/p/CsfJl0RtQIh/,https://api.iconosquare.com/file-downloader/exports/ZXhwb3J0cy9jb=21tZW50cy8yNzIwMzEzLzE2MDA4NjQvY29tbWVudHNfZXhwb3J0c19ldXNvdWFtb21fMjAyMzA1=MjQxODA2MzJfNjQ2ZTUyMjg2NTRiZS54bHN4
13,22/05/2023 9:04 PM,giovani__martins,"Estimado Deputado, contamos com seu apoio na CPI do abuso de autoridade do STF e TSE, precisamos que a justi√ßa seja imparcial sem vi√©s ideol√≥gico, n√£o podemos deixar nossa democracia morrer. Obrigado üôèüèªüôèüèª.","
",20/05/2023 10:27:04 pm,https://www.instagram.com/p/CsfJl0RtQIh/,https://api.iconosquare.com/file-downloader/exports/ZXhwb3J0cy9jb=21tZW50cy8yNzIwMzEzLzE2MDA4NjQvY29tbWVudHNfZXhwb3J0c19ldXNvdWFtb21fMjAyMzA1=MjQxODA2MzJfNjQ2ZTUyMjg2NTRiZS54bHN4
14,22/05/2023 9:04 PM,totepatriota,"Pedimos respeitosamente que assine o requerimento para a abertura da CPI Contra o abuso
de autoridade do
STF e do TSE.","
",20/05/2023 10:27:04 pm,https://www.instagram.com/p/CsfJl0RtQIh/,https://api.iconosquare.com/file-downloader/exports/ZXhwb3J0cy9jb=21tZW50cy8yNzIwMzEzLzE2MDA4NjQvY29tbWVudHNfZXhwb3J0c19ldXNvdWFtb21fMjAyMzA1=MjQxODA2MzJfNjQ2ZTUyMjg2NTRiZS54bHN4
15,22/05/2023 8:54 PM,danielhertzde,CPI do STF j√°! Fora Lula e Xandao j√°,"
",20/05/2023 10:27:04 pm,https://www.instagram.com/p/CsfJl0RtQIh/,https://api.iconosquare.com/file-downloader/exports/ZXhwb3J0cy9jb=21tZW50cy8yNzIwMzEzLzE2MDA4NjQvY29tbWVudHNfZXhwb3J0c19ldXNvdWFtb21fMjAyMzA1=MjQxODA2MzJfNjQ2ZTUyMjg2NTRiZS54bHN4
16,22/05/2023 8:51 PM,magnusspp,Boa noite! N√£o d√° para ficar em cima do muro... Vamos l√° votar a favor da CPI do Abuso de Autoridade? Atitudes em prol da sociedade sim ou n√£o?,"
",20/05/2023 10:27:04 pm,https://www.instagram.com/p/CsfJl0RtQIh/,https://api.iconosquare.com/file-downloader/exports/ZXhwb3J0cy9jb=21tZW50cy8yNzIwMzEzLzE2MDA4NjQvY29tbWVudHNfZXhwb3J0c19ldXNvdWFtb21fMjAyMzA1=MjQxODA2MzJfNjQ2ZTUyMjg2NTRiZS54bHN4
17,22/05/2023 8:24 PM,marinho_galeno,"Estudantes e trabalhadores n√£o tem mal o p√£o de cada dia, quanto mais pagar um horror por um transporte p√∫blico horr√≠vel e falta de seguran√ßa no mesmo","
",20/05/2023 10:27:04 pm,https://www.instagram.com/p/CsfJl0RtQIh/,https://api.iconosquare.com/file-downloader/exports/ZXhwb3J0cy9jb=21tZW50cy8yNzIwMzEzLzE2MDA4NjQvY29tbWVudHNfZXhwb3J0c19ldXNvdWFtb21fMjAyMzA1=MjQxODA2MzJfNjQ2ZTUyMjg2NTRiZS54bHN4
18,22/05/2023 8:23 PM,marinho_galeno,"Para baixar essa passagem dessa prefeitura gastona, que s√≥ ilude o pobre e trabalhador. Enquanto milhares de pessoas est√£o sem emprego e se deparam com o horror dessa passagem !!!!","
",20/05/2023 10:27:04 pm,https://www.instagram.com/p/CsfJl0RtQIh/,https://api.iconosquare.com/file-downloader/exports/ZXhwb3J0cy9jb=21tZW50cy8yNzIwMzEzLzE2MDA4NjQvY29tbWVudHNfZXhwb3J0c19ldXNvdWFtb21fMjAyMzA1=MjQxODA2MzJfNjQ2ZTUyMjg2NTRiZS54bHN4
19,22/05/2023 8:22 PM,marinho_galeno,Vamos a luta sempre,"
",20/05/2023 10:27:04 pm,https://www.instagram.com/p/CsfJl0RtQIh/,https://api.iconosquare.com/file-downloader/exports/ZXhwb3J0cy9jb=21tZW50cy8yNzIwMzEzLzE2MDA4NjQvY29tbWVudHNfZXhwb3J0c19ldXNvdWFtb21fMjAyMzA1=MjQxODA2MzJfNjQ2ZTUyMjg2NTRiZS54bHN4
20,22/05/2023 7:35 PM,kathienalbuquerque,"Boa noite deputado!
Estamos aguardando seu voto a favor da CPI do abuso de autoridade. O povo Brasileiro agradece!","
",20/05/2023 10:27:04 pm,https://www.instagram.com/p/CsfJl0RtQIh/,https://api.iconosquare.com/file-downloader/exports/ZXhwb3J0cy9jb=21tZW50cy8yNzIwMzEzLzE2MDA4NjQvY29tbWVudHNfZXhwb3J0c19ldXNvdWFtb21fMjAyMzA1=MjQxODA2MzJfNjQ2ZTUyMjg2NTRiZS54bHN4
21,22/05/2023 7:23 PM,_josephbrunno,"@eusouamom e sobre o pre√ßo da gasolina em Manaus, vc concorda?","
",20/05/2023 10:27:04 pm,https://www.instagram.com/p/CsfJl0RtQIh/,https://api.iconosquare.com/file-downloader/exports/ZXhwb3J0cy9jb=21tZW50cy8yNzIwMzEzLzE2MDA4NjQvY29tbWVudHNfZXhwb3J0c19ldXNvdWFtb21fMjAyMzA1=MjQxODA2MzJfNjQ2ZTUyMjg2NTRiZS54bHN4
22,22/05/2023 7:04 PM,alans.092,@eusouamom me responde no direct üôèüèª,"
",20/05/2023 10:27:04 pm,https://www.instagram.com/p/CsfJl0RtQIh/,https://api.iconosquare.com/file-downloader/exports/ZXhwb3J0cy9jb=21tZW50cy8yNzIwMzEzLzE2MDA4NjQvY29tbWVudHNfZXhwb3J0c19ldXNvdWFtb21fMjAyMzA1=MjQxODA2MzJfNjQ2ZTUyMjg2NTRiZS54bHN4
23,22/05/2023 6:57 PM,rallywispell,Amom previu correto. Hoje no Bom dia amaz√¥nia passou a reportagem onde passageiros reclamavam que vagavam cinco reais e n√£o recebiam o trocoüëè,"
",20/05/2023 10:27:04 pm,https://www.instagram.com/p/CsfJl0RtQIh/,https://api.iconosquare.com/file-downloader/exports/ZXhwb3J0cy9jb=21tZW50cy8yNzIwMzEzLzE2MDA4NjQvY29tbWVudHNfZXhwb3J0c19ldXNvdWFtb21fMjAyMzA1=MjQxODA2MzJfNjQ2ZTUyMjg2NTRiZS54bHN4
24,22/05/2023 6:11 PM,angelofigueiredobmxer,"Se aumentar o pre√ßo do f√≥sforo.. vai aumentar o pre√ßo de tudo, por causa dos v√°rios impostos ü§∑‚Äç‚ôÇÔ∏è e vai continuar subindo pelo visto","
",20/05/2023 10:27:04 pm,https://www.instagram.com/p/CsfJl0RtQIh/,https://api.iconosquare.com/file-downloader/exports/ZXhwb3J0cy9jb=21tZW50cy8yNzIwMzEzLzE2MDA4NjQvY29tbWVudHNfZXhwb3J0c19ldXNvdWFtb21fMjAyMzA1=MjQxODA2MzJfNjQ2ZTUyMjg2NTRiZS54bHN4
25,22/05/2023 6:01 PM,eu_larissaaaa,Ontem mesmo j√° n√£o tinha troco üò¢,"
",20/05/2023 10:27:04 pm,https://www.instagram.com/p/CsfJl0RtQIh/,https://api.iconosquare.com/file-downloader/exports/ZXhwb3J0cy9jb=21tZW50cy8yNzIwMzEzLzE2MDA4NjQvY29tbWVudHNfZXhwb3J0c19ldXNvdWFtb21fMjAyMzA1=MjQxODA2MzJfNjQ2ZTUyMjg2NTRiZS54bHN4
26,22/05/2023 5:31 PM,benesilvat,Receio? √â uma realidade.,"
",20/05/2023 10:27:04 pm,https://www.instagram.com/p/CsfJl0RtQIh/,https://api.iconosquare.com/file-downloader/exports/ZXhwb3J0cy9jb=21tZW50cy8yNzIwMzEzLzE2MDA4NjQvY29tbWVudHNfZXhwb3J0c19ldXNvdWFtb21fMjAyMzA1=MjQxODA2MzJfNjQ2ZTUyMjg2NTRiZS54bHN4
27,22/05/2023 12:06 PM,franciscowiola,"O sinetram diz que √© s√≥ carregar a carteirinha pelo pix e 30 minutos depois pode validar em qualquer √¥nibus, um dia desses eu recarreguei 7h da manh√£, 10h fui passar e n√£o recarregou, liguei pro sinetram de dentro do √¥nibus e a atendente disse que a recarga j√° estava na carteirinha, que era s√≥ validar no √¥nibus ou no terminal, enfim, n√£o tava validando no √¥nibus, o motorista e o cobrador ficaram dizendo que eu tinha que andar com dinheiro, que era pra ter recarregado 1 dia antes etc. @sinetram","
",20/05/2023 10:27:04 pm,https://www.instagram.com/p/CsfJl0RtQIh/,https://api.iconosquare.com/file-downloader/exports/ZXhwb3J0cy9jb=21tZW50cy8yNzIwMzEzLzE2MDA4NjQvY29tbWVudHNfZXhwb3J0c19ldXNvdWFtb21fMjAyMzA1=MjQxODA2MzJfNjQ2ZTUyMjg2NTRiZS54bHN4
28,22/05/2023 12:00 PM,franciscowiola,"Nem sei quantas vezes eu tive que deixar os 0,20 centavos de troco, uma vez eu dei 3,75 e n√£o queriam deixar eu passar, pq tinha que dar conta de 0,05 centavos, o detalhe √© que tbm n√£o tinha 0,20 pra me dar de troco, queriam ficar com os meu dinheiro, mas n√£o queriam deixar eu passar por causa de 0,05. E as vezes que eu tava com a passagem contada e fui constrangido por pedir os meus 0,20 centavos de troco. O usu√°rio de √¥nibus n√£o tem um dia de dignidade.","
",20/05/2023 10:27:04 pm,https://www.instagram.com/p/CsfJl0RtQIh/,https://api.iconosquare.com/file-downloader/exports/ZXhwb3J0cy9jb=21tZW50cy8yNzIwMzEzLzE2MDA4NjQvY29tbWVudHNfZXhwb3J0c19ldXNvdWFtb21fMjAyMzA1=MjQxODA2MzJfNjQ2ZTUyMjg2NTRiZS54bHN4
29,22/05/2023 8:49 AM,leidesilvas2,Se n√£o tem o troco a passagem n√£o √© paga .,"
",20/05/2023 10:27:04 pm,https://www.instagram.com/p/CsfJl0RtQIh/,https://api.iconosquare.com/file-downloader/exports/ZXhwb3J0cy9jb=21tZW50cy8yNzIwMzEzLzE2MDA4NjQvY29tbWVudHNfZXhwb3J0c19ldXNvdWFtb21fMjAyMzA1=MjQxODA2MzJfNjQ2ZTUyMjg2NTRiZS54bHN4
30,22/05/2023 12:11 AM,thaynaraxavierro,"Por isso que s√≥ passo quando chego na minha parada pra assim ele dizer q n√£o tem troco e digo : ent√£o me deixa aqui mesmo üòÇüòÇüòÇ tenta, dar certo","
",20/05/2023 10:27:04 pm,https://www.instagram.com/p/CsfJl0RtQIh/,https://api.iconosquare.com/file-downloader/exports/ZXhwb3J0cy9jb=21tZW50cy8yNzIwMzEzLzE2MDA4NjQvY29tbWVudHNfZXhwb3J0c19ldXNvdWFtb21fMjAyMzA1=MjQxODA2MzJfNjQ2ZTUyMjg2NTRiZS54bHN4
31,21/05/2023 10:49 PM,ariadneuniversorosa,"Rindo, porque sei que √© verdade. S√≥ sei que muito cobrador ganhou um din Din com os trocos dos passageiros. S√≥ sei que eu n√£o vou deixar 50 centavos pra tr√°s. Dica : n√£o tem troco, desce pela frente!","
",20/05/2023 10:27:04 pm,https://www.instagram.com/p/CsfJl0RtQIh/,https://api.iconosquare.com/file-downloader/exports/ZXhwb3J0cy9jb=21tZW50cy8yNzIwMzEzLzE2MDA4NjQvY29tbWVudHNfZXhwb3J0c19ldXNvdWFtb21fMjAyMzA1=MjQxODA2MzJfNjQ2ZTUyMjg2NTRiZS54bHN4
32,21/05/2023 9:16 PM,tatianemanaus,"Precisamos estabelecer a ""cultura"" de exigir o  troco que  nos √© devido! O empres√°rio coloca o pre√ßo do produto ou servi√ßo de R$4,99 e para onde vai o R$0,01? Certamente faz ou far√° falta para muita gente","
",20/05/2023 10:27:04 pm,https://www.instagram.com/p/CsfJl0RtQIh/,https://api.iconosquare.com/file-downloader/exports/ZXhwb3J0cy9jb=21tZW50cy8yNzIwMzEzLzE2MDA4NjQvY29tbWVudHNfZXhwb3J0c19ldXNvdWFtb21fMjAyMzA1=MjQxODA2MzJfNjQ2ZTUyMjg2NTRiZS54bHN4
33,21/05/2023 7:06 PM,monteirolyna,"amigo kkkk EU PAGO 6 REAIS EM IRANDUBA, pobre que lute pra ir na capital","
",20/05/2023 10:27:04 pm,https://www.instagram.com/p/CsfJl0RtQIh/,https://api.iconosquare.com/file-downloader/exports/ZXhwb3J0cy9jb=21tZW50cy8yNzIwMzEzLzE2MDA4NjQvY29tbWVudHNfZXhwb3J0c19ldXNvdWFtb21fMjAyMzA1=MjQxODA2MzJfNjQ2ZTUyMjg2NTRiZS54bHN4
34,21/05/2023 6:04 PM,rallywispell,Na minha cidade n√£o tem √¥nibus. Mas mesmo assim as moedas est√£o sumidas,"
",20/05/2023 10:27:04 pm,https://www.instagram.com/p/CsfJl0RtQIh/,https://api.iconosquare.com/file-downloader/exports/ZXhwb3J0cy9jb=21tZW50cy8yNzIwMzEzLzE2MDA4NjQvY29tbWVudHNfZXhwb3J0c19ldXNvdWFtb21fMjAyMzA1=MjQxODA2MzJfNjQ2ZTUyMjg2NTRiZS54bHN4
35,21/05/2023 4:29 PM,montenegro_thii,J√° passei por isso hj de manh√£ quando fui pro trabalho,"
",20/05/2023 10:27:04 pm,https://www.instagram.com/p/CsfJl0RtQIh/,https://api.iconosquare.com/file-downloader/exports/ZXhwb3J0cy9jb=21tZW50cy8yNzIwMzEzLzE2MDA4NjQvY29tbWVudHNfZXhwb3J0c19ldXNvdWFtb21fMjAyMzA1=MjQxODA2MzJfNjQ2ZTUyMjg2NTRiZS54bHN4
36,21/05/2023 3:24 PM,steven.souza.manaus,"@eusouamom TEM QUE INVESTIGAR !!! PQ SE OS 4.50 √â DOS EMPRES√ÅRIOS , PRA ONDE VAI OS 50 CENTAVOS DO POVO?","
",20/05/2023 10:27:04 pm,https://www.instagram.com/p/CsfJl0RtQIh/,https://api.iconosquare.com/file-downloader/exports/ZXhwb3J0cy9jb=21tZW50cy8yNzIwMzEzLzE2MDA4NjQvY29tbWVudHNfZXhwb3J0c19ldXNvdWFtb21fMjAyMzA1=MjQxODA2MzJfNjQ2ZTUyMjg2NTRiZS54bHN4
37,21/05/2023 3:18 PM,angeolesmel,"N√£o tem troco, n√£o paga. Tem uma lei que garante isso.","
",20/05/2023 10:27:04 pm,https://www.instagram.com/p/CsfJl0RtQIh/,https://api.iconosquare.com/file-downloader/exports/ZXhwb3J0cy9jb=21tZW50cy8yNzIwMzEzLzE2MDA4NjQvY29tbWVudHNfZXhwb3J0c19ldXNvdWFtb21fMjAyMzA1=MjQxODA2MzJfNjQ2ZTUyMjg2NTRiZS54bHN4
38,21/05/2023 3:15 PM,stephanysalvador,"Eles ficavam com os 20 centavos de troco, mas se faltasse 5 centavos q gente n√£o passava. Agora vai ser maior o roubo","
",20/05/2023 10:27:04 pm,https://www.instagram.com/p/CsfJl0RtQIh/,https://api.iconosquare.com/file-downloader/exports/ZXhwb3J0cy9jb=21tZW50cy8yNzIwMzEzLzE2MDA4NjQvY29tbWVudHNfZXhwb3J0c19ldXNvdWFtb21fMjAyMzA1=MjQxODA2MzJfNjQ2ZTUyMjg2NTRiZS54bHN4
39,21/05/2023 2:58 PM,francecampos,üòÇüòÇüòÇüòÇüòÇüòÇ,"
",20/05/2023 10:27:04 pm,https://www.instagram.com/p/CsfJl0RtQIh/,https://api.iconosquare.com/file-downloader/exports/ZXhwb3J0cy9jb=21tZW50cy8yNzIwMzEzLzE2MDA4NjQvY29tbWVudHNfZXhwb3J0c19ldXNvdWFtb21fMjAyMzA1=MjQxODA2MzJfNjQ2ZTUyMjg2NTRiZS54bHN4
40,21/05/2023 1:55 PM,glb._.arts,"N√ÉO D√Å MAIS, GOVERNO S√ì ROUBA MAIS E MAIS","
",20/05/2023 10:27:04 pm,https://www.instagram.com/p/CsfJl0RtQIh/,https://api.iconosquare.com/file-downloader/exports/ZXhwb3J0cy9jb=21tZW50cy8yNzIwMzEzLzE2MDA4NjQvY29tbWVudHNfZXhwb3J0c19ldXNvdWFtb21fMjAyMzA1=MjQxODA2MzJfNjQ2ZTUyMjg2NTRiZS54bHN4
41,21/05/2023 1:55 PM,dre.xlsx,"Quando Amon for eleito prefeito ele coloca pra 3,80 dnv, confia","
",20/05/2023 10:27:04 pm,https://www.instagram.com/p/CsfJl0RtQIh/,https://api.iconosquare.com/file-downloader/exports/ZXhwb3J0cy9jb=21tZW50cy8yNzIwMzEzLzE2MDA4NjQvY29tbWVudHNfZXhwb3J0c19ldXNvdWFtb21fMjAyMzA1=MjQxODA2MzJfNjQ2ZTUyMjg2NTRiZS54bHN4
42,21/05/2023 1:42 PM,alexandrerodrigues79,"J√° era esperado, essa conversa de passagem gratuita para aluno n√£o existe.","
",20/05/2023 10:27:04 pm,https://www.instagram.com/p/CsfJl0RtQIh/,https://api.iconosquare.com/file-downloader/exports/ZXhwb3J0cy9jb=21tZW50cy8yNzIwMzEzLzE2MDA4NjQvY29tbWVudHNfZXhwb3J0c19ldXNvdWFtb21fMjAyMzA1=MjQxODA2MzJfNjQ2ZTUyMjg2NTRiZS54bHN4
43,21/05/2023 1:38 PM,medusa24__,S√≥ dou meu dinheiro se me mostrar que tem troco antes,"
",20/05/2023 10:27:04 pm,https://www.instagram.com/p/CsfJl0RtQIh/,https://api.iconosquare.com/file-downloader/exports/ZXhwb3J0cy9jb=21tZW50cy8yNzIwMzEzLzE2MDA4NjQvY29tbWVudHNfZXhwb3J0c19ldXNvdWFtb21fMjAyMzA1=MjQxODA2MzJfNjQ2ZTUyMjg2NTRiZS54bHN4
44,21/05/2023 12:51 PM,marcello.mourao,"Tempos dif√≠ceis, o professor que n√£o tem reajuste anual, porque o governo do estado n√£o est√° nem a√≠ para esses trabalhadores, os hospitais est√£o largados, atendimento e fila de espera longa, o aumento do ICMS estadual, no qual o pr√≥prio governo n√£o baixou, para a popula√ß√£o, √© @eusouamom , s√£o tempos sombrios, fiscalize tamb√©m o governador, pois 80% da sua p√°gina √© sobre a @prefeiturademanaus, porque n√£o fiscalizar o governador ?? Ahhh lembreii !! Ele vai ser seu aliado nas elei√ß√µes n√© ?! Haha, √© s√£o tempos sombrios mesmo, a velha pol√≠tica, como disse o capit√£o nascimento ‚Äú O sistema √© um mecanismo, o sistema √© Fod#","
",20/05/2023 10:27:04 pm,https://www.instagram.com/p/CsfJl0RtQIh/,https://api.iconosquare.com/file-downloader/exports/ZXhwb3J0cy9jb=21tZW50cy8yNzIwMzEzLzE2MDA4NjQvY29tbWVudHNfZXhwb3J0c19ldXNvdWFtb21fMjAyMzA1=MjQxODA2MzJfNjQ2ZTUyMjg2NTRiZS54bHN4
45,21/05/2023 12:47 PM,092_jenny.mirnadp,"J√° n√£o tinha pros 20 centavos, imagina pros 50, eles v√£o falar tem troco a√≠? Me d√° tanto que te dou de volta valor X. Fala que √© a primeira corrida que n√£o vem com nada da empresa e v√°rias desculpas. Se n√£o tiver eu n√£o des√ßo, vou ficar at√© a onde eu vou descer, se n me deixar passar, eu saio pela frente mesmo.","
",20/05/2023 10:27:04 pm,https://www.instagram.com/p/CsfJl0RtQIh/,https://api.iconosquare.com/file-downloader/exports/ZXhwb3J0cy9jb=21tZW50cy8yNzIwMzEzLzE2MDA4NjQvY29tbWVudHNfZXhwb3J0c19ldXNvdWFtb21fMjAyMzA1=MjQxODA2MzJfNjQ2ZTUyMjg2NTRiZS54bHN4
46,21/05/2023 11:05 AM,douglasnunes203,Transporte est√° caus sem troco ar-condicionado quer n√£o forciona sem faixa azul para trabalhar n√£o pega aquele caus pra chega em casa mais r√°pido ou no trabalho no tr√¢nsito agente trabalhado passa mais de duas horas dentro de √¥nibus em hor√°rio de pico ou at√© mesmo normal sendo quer a cada dia quer passa fica pior tr√¢nsito em Manaus e transporte sem seguran√ßa j√° fui roubado e ja vi v√°rios assalto dentro do √¥nibus n√≥s temos quer ir trabalhar sai de casa cedo sem saber ser vai volta ou ser vai chega no trabalho tenho fam√≠lia e amigos e pessoas quer precisam trabalhar e assim sigo a vida n√£o e f√°cil mais at√© quando algu√©m vai fazer algo por n√≥s pra melhorar o transporte ter seguran√ßa melhora √¥nibus lotado tr√¢nsito um caus sem faixa azul para passagem de √¥nibus pra chega mais r√°pido em casa ou em outro lugar sem troco algu√©m v√™ isso o povo quer sofrer,"
",20/05/2023 10:27:04 pm,https://www.instagram.com/p/CsfJl0RtQIh/,https://api.iconosquare.com/file-downloader/exports/ZXhwb3J0cy9jb=21tZW50cy8yNzIwMzEzLzE2MDA4NjQvY29tbWVudHNfZXhwb3J0c19ldXNvdWFtb21fMjAyMzA1=MjQxODA2MzJfNjQ2ZTUyMjg2NTRiZS54bHN4
47,21/05/2023 11:03 AM,rukasubjj,"Vou ficar na frente at√© aparecer troco, isso se chama roubo","
",20/05/2023 10:27:04 pm,https://www.instagram.com/p/CsfJl0RtQIh/,https://api.iconosquare.com/file-downloader/exports/ZXhwb3J0cy9jb=21tZW50cy8yNzIwMzEzLzE2MDA4NjQvY29tbWVudHNfZXhwb3J0c19ldXNvdWFtb21fMjAyMzA1=MjQxODA2MzJfNjQ2ZTUyMjg2NTRiZS54bHN4
48,21/05/2023 10:37 AM,elianesmc,"Tirem o cart√£o passa f√°cil de vcs e recarreguem , vai ser descontado somente o valor.","
",20/05/2023 10:27:04 pm,https://www.instagram.com/p/CsfJl0RtQIh/,https://api.iconosquare.com/file-downloader/exports/ZXhwb3J0cy9jb=21tZW50cy8yNzIwMzEzLzE2MDA4NjQvY29tbWVudHNfZXhwb3J0c19ldXNvdWFtb21fMjAyMzA1=MjQxODA2MzJfNjQ2ZTUyMjg2NTRiZS54bHN4
49,21/05/2023 10:29 AM,niela.liberato,E a realidade,"
",20/05/2023 10:27:04 pm,https://www.instagram.com/p/CsfJl0RtQIh/,https://api.iconosquare.com/file-downloader/exports/ZXhwb3J0cy9jb=21tZW50cy8yNzIwMzEzLzE2MDA4NjQvY29tbWVudHNfZXhwb3J0c19ldXNvdWFtb21fMjAyMzA1=MjQxODA2MzJfNjQ2ZTUyMjg2NTRiZS54bHN4
50,21/05/2023 10:13 AM,apeamazonas,Valei- me maninho pois num √© que √© verdade.,"
",20/05/2023 10:27:04 pm,https://www.instagram.com/p/CsfJl0RtQIh/,https://api.iconosquare.com/file-downloader/exports/ZXhwb3J0cy9jb=21tZW50cy8yNzIwMzEzLzE2MDA4NjQvY29tbWVudHNfZXhwb3J0c19ldXNvdWFtb21fMjAyMzA1=MjQxODA2MzJfNjQ2ZTUyMjg2NTRiZS54bHN4
51,21/05/2023 10:09 AM,giraldowillianne,Isso pq √© transporte p√∫blico,"
",20/05/2023 10:27:04 pm,https://www.instagram.com/p/CsfJl0RtQIh/,https://api.iconosquare.com/file-downloader/exports/ZXhwb3J0cy9jb=21tZW50cy8yNzIwMzEzLzE2MDA4NjQvY29tbWVudHNfZXhwb3J0c19ldXNvdWFtb21fMjAyMzA1=MjQxODA2MzJfNjQ2ZTUyMjg2NTRiZS54bHN4
52,21/05/2023 10:01 AM,andresaviana.av,Pago 4 reais a muitos anos,"
",20/05/2023 10:27:04 pm,https://www.instagram.com/p/CsfJl0RtQIh/,https://api.iconosquare.com/file-downloader/exports/ZXhwb3J0cy9jb=21tZW50cy8yNzIwMzEzLzE2MDA4NjQvY29tbWVudHNfZXhwb3J0c19ldXNvdWFtb21fMjAyMzA1=MjQxODA2MzJfNjQ2ZTUyMjg2NTRiZS54bHN4
53,21/05/2023 10:01 AM,marcosppcjr,Quest√£o n√£o √© troca √© as formas de pagamento!,"
",20/05/2023 10:27:04 pm,https://www.instagram.com/p/CsfJl0RtQIh/,https://api.iconosquare.com/file-downloader/exports/ZXhwb3J0cy9jb=21tZW50cy8yNzIwMzEzLzE2MDA4NjQvY29tbWVudHNfZXhwb3J0c19ldXNvdWFtb21fMjAyMzA1=MjQxODA2MzJfNjQ2ZTUyMjg2NTRiZS54bHN4
54,21/05/2023 9:35 AM,wandamariaalvesdasilva,"Na ter√ßa feira o povo j√° vai t√° acostumado com 4,50 esses que t√£o no poder n√£o v√£o fazer nada s√≥ conversa fiada pra enganar o povoüòÇüòÇ","
",20/05/2023 10:27:04 pm,https://www.instagram.com/p/CsfJl0RtQIh/,https://api.iconosquare.com/file-downloader/exports/ZXhwb3J0cy9jb=21tZW50cy8yNzIwMzEzLzE2MDA4NjQvY29tbWVudHNfZXhwb3J0c19ldXNvdWFtb21fMjAyMzA1=MjQxODA2MzJfNjQ2ZTUyMjg2NTRiZS54bHN4
55,21/05/2023 9:26 AM,wandamariaalvesdasilva,Ir n√£o sei pra quer vai d√° em nada essa manifesta√ß√£o üòÇüòÇ,"
",20/05/2023 10:27:04 pm,https://www.instagram.com/p/CsfJl0RtQIh/,https://api.iconosquare.com/file-downloader/exports/ZXhwb3J0cy9jb=21tZW50cy8yNzIwMzEzLzE2MDA4NjQvY29tbWVudHNfZXhwb3J0c19ldXNvdWFtb21fMjAyMzA1=MjQxODA2MzJfNjQ2ZTUyMjg2NTRiZS54bHN4
56,21/05/2023 8:59 AM,jhonnylima2019,üëèüëèüëèMeu futuro prefeito e governador üëèüëèüëè,"
",20/05/2023 10:27:04 pm,https://www.instagram.com/p/CsfJl0RtQIh/,https://api.iconosquare.com/file-downloader/exports/ZXhwb3J0cy9jb=21tZW50cy8yNzIwMzEzLzE2MDA4NjQvY29tbWVudHNfZXhwb3J0c19ldXNvdWFtb21fMjAyMzA1=MjQxODA2MzJfNjQ2ZTUyMjg2NTRiZS54bHN4
57,21/05/2023 8:42 AM,alesssndra_enric,"Mas existe a lei d troco üëèüî• principalmente agora 4,50üî• 50 pra volta üî• ANTES n√£o tinha troco tudo bem üëèüî• porque dava 8","
",20/05/2023 10:27:04 pm,https://www.instagram.com/p/CsfJl0RtQIh/,https://api.iconosquare.com/file-downloader/exports/ZXhwb3J0cy9jb=21tZW50cy8yNzIwMzEzLzE2MDA4NjQvY29tbWVudHNfZXhwb3J0c19ldXNvdWFtb21fMjAyMzA1=MjQxODA2MzJfNjQ2ZTUyMjg2NTRiZS54bHN4
58,21/05/2023 8:23 AM,van.batista_,Exatamente issssso,"
",20/05/2023 10:27:04 pm,https://www.instagram.com/p/CsfJl0RtQIh/,https://api.iconosquare.com/file-downloader/exports/ZXhwb3J0cy9jb=21tZW50cy8yNzIwMzEzLzE2MDA4NjQvY29tbWVudHNfZXhwb3J0c19ldXNvdWFtb21fMjAyMzA1=MjQxODA2MzJfNjQ2ZTUyMjg2NTRiZS54bHN4
59,21/05/2023 8:02 AM,carla.smoda,"J√° faz mt tempo q coloco cr√©ditos na minha carteirinha, meu marido coloca no APP, e passa usando o celular.(O ladr√£o s√≥ fica d olho no celular). Por isso q ainda prefiro usar a carteirinha. N deixo nenhum centavo pra cobrador, e se n tem troco fa√ßo ele abrir a porta da frente. Est√° lei!","
",20/05/2023 10:27:04 pm,https://www.instagram.com/p/CsfJl0RtQIh/,https://api.iconosquare.com/file-downloader/exports/ZXhwb3J0cy9jb=21tZW50cy8yNzIwMzEzLzE2MDA4NjQvY29tbWVudHNfZXhwb3J0c19ldXNvdWFtb21fMjAyMzA1=MjQxODA2MzJfNjQ2ZTUyMjg2NTRiZS54bHN4
60,21/05/2023 7:52 AM,thaycardoso0512,"Se n√£o me devolverem meus 0,50 cents vai ter onda!! J√° t√¥ logo avisando!","
",20/05/2023 10:27:04 pm,https://www.instagram.com/p/CsfJl0RtQIh/,https://api.iconosquare.com/file-downloader/exports/ZXhwb3J0cy9jb=21tZW50cy8yNzIwMzEzLzE2MDA4NjQvY29tbWVudHNfZXhwb3J0c19ldXNvdWFtb21fMjAyMzA1=MjQxODA2MzJfNjQ2ZTUyMjg2NTRiZS54bHN4
61,21/05/2023 3:35 AM,davi_johnn,Na verdade e √≥bvio nunca tem troco se j√° n√£o tinham quando era 20 centavos imagina agora 50.. de 50 em 50 do troco nao devolvidos isso de 50 vira 1000 de 1000 vira 10000 onde os 50 centavos di√°rios n√£o devolvidos ao passageiro por falta de troco vira 50000 f√°cil na m√£o desses empres√°rios onde o servi√ßo e p√©ssimo inseguro com esses √¥nibus sucateados ..,"
",20/05/2023 10:27:04 pm,https://www.instagram.com/p/CsfJl0RtQIh/,https://api.iconosquare.com/file-downloader/exports/ZXhwb3J0cy9jb=21tZW50cy8yNzIwMzEzLzE2MDA4NjQvY29tbWVudHNfZXhwb3J0c19ldXNvdWFtb21fMjAyMzA1=MjQxODA2MzJfNjQ2ZTUyMjg2NTRiZS54bHN4
62,21/05/2023 2:57 AM,gleicekellyx,"4,50 pra n√£o ter troco, andar em p√© num √¥nibus velho, lotado e ainda ser assaltado!!! üò¢","
",20/05/2023 10:27:04 pm,https://www.instagram.com/p/CsfJl0RtQIh/,https://api.iconosquare.com/file-downloader/exports/ZXhwb3J0cy9jb=21tZW50cy8yNzIwMzEzLzE2MDA4NjQvY29tbWVudHNfZXhwb3J0c19ldXNvdWFtb21fMjAyMzA1=MjQxODA2MzJfNjQ2ZTUyMjg2NTRiZS54bHN4
63,21/05/2023 2:56 AM,gabriele_r_t,Mais a passagem j√° era 4reais.  Nunca tinha troco ..agora vai pra 5 reais porque dificilmente v√£o ter 50  centavos.,"
",20/05/2023 10:27:04 pm,https://www.instagram.com/p/CsfJl0RtQIh/,https://api.iconosquare.com/file-downloader/exports/ZXhwb3J0cy9jb=21tZW50cy8yNzIwMzEzLzE2MDA4NjQvY29tbWVudHNfZXhwb3J0c19ldXNvdWFtb21fMjAyMzA1=MjQxODA2MzJfNjQ2ZTUyMjg2NTRiZS54bHN4
64,21/05/2023 2:32 AM,sum1da1910,"Amommm,  faz alguma coisaaaaüò¢","
",20/05/2023 10:27:04 pm,https://www.instagram.com/p/CsfJl0RtQIh/,https://api.iconosquare.com/file-downloader/exports/ZXhwb3J0cy9jb=21tZW50cy8yNzIwMzEzLzE2MDA4NjQvY29tbWVudHNfZXhwb3J0c19ldXNvdWFtb21fMjAyMzA1=MjQxODA2MzJfNjQ2ZTUyMjg2NTRiZS54bHN4
65,21/05/2023 2:16 AM,edmundolapin.instrutor,E ningu√©m falou sobre as taxas do Detran que aumentaram mais de 100%.,"
",20/05/2023 10:27:04 pm,https://www.instagram.com/p/CsfJl0RtQIh/,https://api.iconosquare.com/file-downloader/exports/ZXhwb3J0cy9jb=21tZW50cy8yNzIwMzEzLzE2MDA4NjQvY29tbWVudHNfZXhwb3J0c19ldXNvdWFtb21fMjAyMzA1=MjQxODA2MzJfNjQ2ZTUyMjg2NTRiZS54bHN4
66,21/05/2023 2:10 AM,lenne8758,"Pessoal se n√£o tiver troco certinho ,viagem de gra√ßa ,Bora come√ßar fazer valer a lei ...üôå","
",20/05/2023 10:27:04 pm,https://www.instagram.com/p/CsfJl0RtQIh/,https://api.iconosquare.com/file-downloader/exports/ZXhwb3J0cy9jb=21tZW50cy8yNzIwMzEzLzE2MDA4NjQvY29tbWVudHNfZXhwb3J0c19ldXNvdWFtb21fMjAyMzA1=MjQxODA2MzJfNjQ2ZTUyMjg2NTRiZS54bHN4
67,21/05/2023 2:08 AM,jhessienne,"Pior que o valor √© o p√©ssimo servi√ßo prestado, n vale nem 1,50","
",20/05/2023 10:27:04 pm,https://www.instagram.com/p/CsfJl0RtQIh/,https://api.iconosquare.com/file-downloader/exports/ZXhwb3J0cy9jb=21tZW50cy8yNzIwMzEzLzE2MDA4NjQvY29tbWVudHNfZXhwb3J0c19ldXNvdWFtb21fMjAyMzA1=MjQxODA2MzJfNjQ2ZTUyMjg2NTRiZS54bHN4
68,21/05/2023 1:51 AM,f.andrade1804,Passagem cara √¥nibus sucata servi√ßo de pecima qualidade n√£o vamos deixar isso acontecer üò¢,"
",20/05/2023 10:27:04 pm,https://www.instagram.com/p/CsfJl0RtQIh/,https://api.iconosquare.com/file-downloader/exports/ZXhwb3J0cy9jb=21tZW50cy8yNzIwMzEzLzE2MDA4NjQvY29tbWVudHNfZXhwb3J0c19ldXNvdWFtb21fMjAyMzA1=MjQxODA2MzJfNjQ2ZTUyMjg2NTRiZS54bHN4
69,21/05/2023 1:39 AM,sandro_yroshe,"A lei √© clara,sem troco, viagem de gra√ßa,lei √© lei, fa√ßa valer seus direitos.","
",20/05/2023 10:27:04 pm,https://www.instagram.com/p/CsfJl0RtQIh/,https://api.iconosquare.com/file-downloader/exports/ZXhwb3J0cy9jb=21tZW50cy8yNzIwMzEzLzE2MDA4NjQvY29tbWVudHNfZXhwb3J0c19ldXNvdWFtb21fMjAyMzA1=MjQxODA2MzJfNjQ2ZTUyMjg2NTRiZS54bHN4
70,21/05/2023 1:38 AM,soudanillosouza,"Que fase !!! Um reajuste que prejudica o povo √© beneficia os Empres√°rios, sem se falar que n√£o vai ter retorno pros funcion√°rios das Empresas de √¥nibus, essa √© a Manaus do Daviz√£oooooo.","
",20/05/2023 10:27:04 pm,https://www.instagram.com/p/CsfJl0RtQIh/,https://api.iconosquare.com/file-downloader/exports/ZXhwb3J0cy9jb=21tZW50cy8yNzIwMzEzLzE2MDA4NjQvY29tbWVudHNfZXhwb3J0c19ldXNvdWFtb21fMjAyMzA1=MjQxODA2MzJfNjQ2ZTUyMjg2NTRiZS54bHN4
71,21/05/2023 1:35 AM,degustarebanqueteria,E a creche no distrito industrial de Manaus para m√£e pobre das zonas norte e leste. T√° muito certo! Me roba logo,"
",20/05/2023 10:27:04 pm,https://www.instagram.com/p/CsfJl0RtQIh/,https://api.iconosquare.com/file-downloader/exports/ZXhwb3J0cy9jb=21tZW50cy8yNzIwMzEzLzE2MDA4NjQvY29tbWVudHNfZXhwb3J0c19ldXNvdWFtb21fMjAyMzA1=MjQxODA2MzJfNjQ2ZTUyMjg2NTRiZS54bHN4
72,21/05/2023 1:07 AM,amandaunhasofc,"Desenho lindo, mas e a√≠? n√£o vai resolver nada!","
",20/05/2023 10:27:04 pm,https://www.instagram.com/p/CsfJl0RtQIh/,https://api.iconosquare.com/file-downloader/exports/ZXhwb3J0cy9jb=21tZW50cy8yNzIwMzEzLzE2MDA4NjQvY29tbWVudHNfZXhwb3J0c19ldXNvdWFtb21fMjAyMzA1=MjQxODA2MzJfNjQ2ZTUyMjg2NTRiZS54bHN4
73,21/05/2023 12:58 AM,allynee.costa,"Eu acho melhor sempre abatecer a carterinha (Cart√£o Cidad√£o) do q sempre passar com dinheiro, evita e muito esse tipo de coisa...","
",20/05/2023 10:27:04 pm,https://www.instagram.com/p/CsfJl0RtQIh/,https://api.iconosquare.com/file-downloader/exports/ZXhwb3J0cy9jb=21tZW50cy8yNzIwMzEzLzE2MDA4NjQvY29tbWVudHNfZXhwb3J0c19ldXNvdWFtb21fMjAyMzA1=MjQxODA2MzJfNjQ2ZTUyMjg2NTRiZS54bHN4
74,21/05/2023 12:51 AM,bryanoliveiralucas,Simples: lei 6075/88,"
",20/05/2023 10:27:04 pm,https://www.instagram.com/p/CsfJl0RtQIh/,https://api.iconosquare.com/file-downloader/exports/ZXhwb3J0cy9jb=21tZW50cy8yNzIwMzEzLzE2MDA4NjQvY29tbWVudHNfZXhwb3J0c19ldXNvdWFtb21fMjAyMzA1=MjQxODA2MzJfNjQ2ZTUyMjg2NTRiZS54bHN4
75,21/05/2023 12:47 AM,aldomirosena36,Kd a fiscaliza√ß√£o nos postos para diminuir os pre√ßos?,"
",20/05/2023 10:27:04 pm,https://www.instagram.com/p/CsfJl0RtQIh/,https://api.iconosquare.com/file-downloader/exports/ZXhwb3J0cy9jb=21tZW50cy8yNzIwMzEzLzE2MDA4NjQvY29tbWVudHNfZXhwb3J0c19ldXNvdWFtb21fMjAyMzA1=MjQxODA2MzJfNjQ2ZTUyMjg2NTRiZS54bHN4
76,21/05/2023 12:38 AM,josyoliveira10.jo,Pra Ser assaltada no √¥nibus e a c√¢mera n√£o funcionar igual aconteceu comigo no dia do trabalhador abra√ßa,"
",20/05/2023 10:27:04 pm,https://www.instagram.com/p/CsfJl0RtQIh/,https://api.iconosquare.com/file-downloader/exports/ZXhwb3J0cy9jb=21tZW50cy8yNzIwMzEzLzE2MDA4NjQvY29tbWVudHNfZXhwb3J0c19ldXNvdWFtb21fMjAyMzA1=MjQxODA2MzJfNjQ2ZTUyMjg2NTRiZS54bHN4
77,21/05/2023 1:08 AM,eusouamom,Reply: @josyoliveira10.jo Lamento pelo ocorrido üò¢,"
",20/05/2023 10:27:04 pm,https://www.instagram.com/p/CsfJl0RtQIh/,https://api.iconosquare.com/file-downloader/exports/ZXhwb3J0cy9jb=21tZW50cy8yNzIwMzEzLzE2MDA4NjQvY29tbWVudHNfZXhwb3J0c19ldXNvdWFtb21fMjAyMzA1=MjQxODA2MzJfNjQ2ZTUyMjg2NTRiZS54bHN4
78,21/05/2023 12:37 AM,zwilho,foi ate otimista em colocar uma cal√ßada boa!,"
",20/05/2023 10:27:04 pm,https://www.instagram.com/p/CsfJl0RtQIh/,https://api.iconosquare.com/file-downloader/exports/ZXhwb3J0cy9jb=21tZW50cy8yNzIwMzEzLzE2MDA4NjQvY29tbWVudHNfZXhwb3J0c19ldXNvdWFtb21fMjAyMzA1=MjQxODA2MzJfNjQ2ZTUyMjg2NTRiZS54bHN4
79,21/05/2023 12:33 AM,mi.ffernandes,Triste ü•≤,"
",20/05/2023 10:27:04 pm,https://www.instagram.com/p/CsfJl0RtQIh/,https://api.iconosquare.com/file-downloader/exports/ZXhwb3J0cy9jb=21tZW50cy8yNzIwMzEzLzE2MDA4NjQvY29tbWVudHNfZXhwb3J0c19ldXNvdWFtb21fMjAyMzA1=MjQxODA2MzJfNjQ2ZTUyMjg2NTRiZS54bHN4
80,21/05/2023 12:31 AM,aecdsx,Triste fim!!,"
",20/05/2023 10:27:04 pm,https://www.instagram.com/p/CsfJl0RtQIh/,https://api.iconosquare.com/file-downloader/exports/ZXhwb3J0cy9jb=21tZW50cy8yNzIwMzEzLzE2MDA4NjQvY29tbWVudHNfZXhwb3J0c19ldXNvdWFtb21fMjAyMzA1=MjQxODA2MzJfNjQ2ZTUyMjg2NTRiZS54bHN4
81,21/05/2023 12:26 AM,chchinaa,Sem troco?? Des√ßo pela frente kkkk üòÇ simples,"
",20/05/2023 10:27:04 pm,https://www.instagram.com/p/CsfJl0RtQIh/,https://api.iconosquare.com/file-downloader/exports/ZXhwb3J0cy9jb=21tZW50cy8yNzIwMzEzLzE2MDA4NjQvY29tbWVudHNfZXhwb3J0c19ldXNvdWFtb21fMjAyMzA1=MjQxODA2MzJfNjQ2ZTUyMjg2NTRiZS54bHN4
82,21/05/2023 1:08 AM,eusouamom,Reply: @chchinaa üëèüëèüëè,"
",20/05/2023 10:27:04 pm,https://www.instagram.com/p/CsfJl0RtQIh/,https://api.iconosquare.com/file-downloader/exports/ZXhwb3J0cy9jb=21tZW50cy8yNzIwMzEzLzE2MDA4NjQvY29tbWVudHNfZXhwb3J0c19ldXNvdWFtb21fMjAyMzA1=MjQxODA2MzJfNjQ2ZTUyMjg2NTRiZS54bHN4
83,21/05/2023 12:20 AM,laysgutyerrez,Lutar pelos nossos direitos,"
",20/05/2023 10:27:04 pm,https://www.instagram.com/p/CsfJl0RtQIh/,https://api.iconosquare.com/file-downloader/exports/ZXhwb3J0cy9jb=21tZW50cy8yNzIwMzEzLzE2MDA4NjQvY29tbWVudHNfZXhwb3J0c19ldXNvdWFtb21fMjAyMzA1=MjQxODA2MzJfNjQ2ZTUyMjg2NTRiZS54bHN4
84,21/05/2023 12:20 AM,laysgutyerrez,"Tem que ter protesto, üôåüôåüôåüôå","
",20/05/2023 10:27:04 pm,https://www.instagram.com/p/CsfJl0RtQIh/,https://api.iconosquare.com/file-downloader/exports/ZXhwb3J0cy9jb=21tZW50cy8yNzIwMzEzLzE2MDA4NjQvY29tbWVudHNfZXhwb3J0c19ldXNvdWFtb21fMjAyMzA1=MjQxODA2MzJfNjQ2ZTUyMjg2NTRiZS54bHN4
85,21/05/2023 1:15 AM,laysgutyerrez,Reply: @eusouamom onde ? Vamos sim!!!!!!!!üôå,"
",20/05/2023 10:27:04 pm,https://www.instagram.com/p/CsfJl0RtQIh/,https://api.iconosquare.com/file-downloader/exports/ZXhwb3J0cy9jb=21tZW50cy8yNzIwMzEzLzE2MDA4NjQvY29tbWVudHNfZXhwb3J0c19ldXNvdWFtb21fMjAyMzA1=MjQxODA2MzJfNjQ2ZTUyMjg2NTRiZS54bHN4
86,21/05/2023 1:07 AM,eusouamom,"Reply: @laysgutyerrez Vai ter na segunda-feira, vamos!","
",20/05/2023 10:27:04 pm,https://www.instagram.com/p/CsfJl0RtQIh/,https://api.iconosquare.com/file-downloader/exports/ZXhwb3J0cy9jb=21tZW50cy8yNzIwMzEzLzE2MDA4NjQvY29tbWVudHNfZXhwb3J0c19ldXNvdWFtb21fMjAyMzA1=MjQxODA2MzJfNjQ2ZTUyMjg2NTRiZS54bHN4
87,21/05/2023 12:12 AM,senna_raquell,Socorro DEUS üíÜ‚Äç‚ôÄÔ∏è@bvasconceloss__ @aasznav,"
",20/05/2023 10:27:04 pm,https://www.instagram.com/p/CsfJl0RtQIh/,https://api.iconosquare.com/file-downloader/exports/ZXhwb3J0cy9jb=21tZW50cy8yNzIwMzEzLzE2MDA4NjQvY29tbWVudHNfZXhwb3J0c19ldXNvdWFtb21fMjAyMzA1=MjQxODA2MzJfNjQ2ZTUyMjg2NTRiZS54bHN4
88,21/05/2023 12:03 AM,julie__maia,N√© isso,"
",20/05/2023 10:27:04 pm,https://www.instagram.com/p/CsfJl0RtQIh/,https://api.iconosquare.com/file-downloader/exports/ZXhwb3J0cy9jb=21tZW50cy8yNzIwMzEzLzE2MDA4NjQvY29tbWVudHNfZXhwb3J0c19ldXNvdWFtb21fMjAyMzA1=MjQxODA2MzJfNjQ2ZTUyMjg2NTRiZS54bHN4
89,21/05/2023 12:02 AM,wanessa_mayara30,Zero surpresas,"
",20/05/2023 10:27:04 pm,https://www.instagram.com/p/CsfJl0RtQIh/,https://api.iconosquare.com/file-downloader/exports/ZXhwb3J0cy9jb=21tZW50cy8yNzIwMzEzLzE2MDA4NjQvY29tbWVudHNfZXhwb3J0c19ldXNvdWFtb21fMjAyMzA1=MjQxODA2MzJfNjQ2ZTUyMjg2NTRiZS54bHN4
90,20/05/2023 11:53 PM,adriene.mattos,Toda vez eles NUNCA tem troco pra gente,"
",20/05/2023 10:27:04 pm,https://www.instagram.com/p/CsfJl0RtQIh/,https://api.iconosquare.com/file-downloader/exports/ZXhwb3J0cy9jb=21tZW50cy8yNzIwMzEzLzE2MDA4NjQvY29tbWVudHNfZXhwb3J0c19ldXNvdWFtb21fMjAyMzA1=MjQxODA2MzJfNjQ2ZTUyMjg2NTRiZS54bHN4
91,20/05/2023 11:52 PM,rrodrigoonb,"Desculpa mais s√≠nica essa que o Prefeito deu para o reajuste da passagem, e mais uma vez a Prefeitura de Manaus ref√©m das empresas de √¥nibus, at√© quando ??","
",20/05/2023 10:27:04 pm,https://www.instagram.com/p/CsfJl0RtQIh/,https://api.iconosquare.com/file-downloader/exports/ZXhwb3J0cy9jb=21tZW50cy8yNzIwMzEzLzE2MDA4NjQvY29tbWVudHNfZXhwb3J0c19ldXNvdWFtb21fMjAyMzA1=MjQxODA2MzJfNjQ2ZTUyMjg2NTRiZS54bHN4
92,20/05/2023 11:47 PM,c3s4rjr,Cad√™ o cupom fiscal  da passagem?,"
",20/05/2023 10:27:04 pm,https://www.instagram.com/p/CsfJl0RtQIh/,https://api.iconosquare.com/file-downloader/exports/ZXhwb3J0cy9jb=21tZW50cy8yNzIwMzEzLzE2MDA4NjQvY29tbWVudHNfZXhwb3J0c19ldXNvdWFtb21fMjAyMzA1=MjQxODA2MzJfNjQ2ZTUyMjg2NTRiZS54bHN4
93,20/05/2023 11:46 PM,reginaldo_barbosa_br,A SOLU√á√ÉO √â VALE TRANSPORTE LIVRE PARA SER UTILIZADOS EM APLICATIVOS EM √îNIBUS METR√î T√ÅXISüáßüá∑üáßüá∑üáßüá∑üáßüá∑üáßüá∑,"
",20/05/2023 10:27:04 pm,https://www.instagram.com/p/CsfJl0RtQIh/,https://api.iconosquare.com/file-downloader/exports/ZXhwb3J0cy9jb=21tZW50cy8yNzIwMzEzLzE2MDA4NjQvY29tbWVudHNfZXhwb3J0c19ldXNvdWFtb21fMjAyMzA1=MjQxODA2MzJfNjQ2ZTUyMjg2NTRiZS54bHN4
94,20/05/2023 11:46 PM,alice.smoraes,Manaus terra sem lei @eusouamom . üò¢,"
",20/05/2023 10:27:04 pm,https://www.instagram.com/p/CsfJl0RtQIh/,https://api.iconosquare.com/file-downloader/exports/ZXhwb3J0cy9jb=21tZW50cy8yNzIwMzEzLzE2MDA4NjQvY29tbWVudHNfZXhwb3J0c19ldXNvdWFtb21fMjAyMzA1=MjQxODA2MzJfNjQ2ZTUyMjg2NTRiZS54bHN4
95,20/05/2023 11:39 PM,ticiana1982,N√£o aguento mais esse prefeito. Por favor @eusouamom salve Manaus desse caos. A bola estar√° em seus p√©s no pr√≥ximo pleito municipal,"
",20/05/2023 10:27:04 pm,https://www.instagram.com/p/CsfJl0RtQIh/,https://api.iconosquare.com/file-downloader/exports/ZXhwb3J0cy9jb=21tZW50cy8yNzIwMzEzLzE2MDA4NjQvY29tbWVudHNfZXhwb3J0c19ldXNvdWFtb21fMjAyMzA1=MjQxODA2MzJfNjQ2ZTUyMjg2NTRiZS54bHN4
96,20/05/2023 11:34 PM,frans39092019,Bem assim kkk,"
",20/05/2023 10:27:04 pm,https://www.instagram.com/p/CsfJl0RtQIh/,https://api.iconosquare.com/file-downloader/exports/ZXhwb3J0cy9jb=21tZW50cy8yNzIwMzEzLzE2MDA4NjQvY29tbWVudHNfZXhwb3J0c19ldXNvdWFtb21fMjAyMzA1=MjQxODA2MzJfNjQ2ZTUyMjg2NTRiZS54bHN4
97,20/05/2023 11:32 PM,correa.lucatoni,Receio? Nenhum! Eu tenho √© a certeza üòÇ,"
",20/05/2023 10:27:04 pm,https://www.instagram.com/p/CsfJl0RtQIh/,https://api.iconosquare.com/file-downloader/exports/ZXhwb3J0cy9jb=21tZW50cy8yNzIwMzEzLzE2MDA4NjQvY29tbWVudHNfZXhwb3J0c19ldXNvdWFtb21fMjAyMzA1=MjQxODA2MzJfNjQ2ZTUyMjg2NTRiZS54bHN4
98,20/05/2023 11:28 PM,danielpablolins,Uma verdade.,"
",20/05/2023 10:27:04 pm,https://www.instagram.com/p/CsfJl0RtQIh/,https://api.iconosquare.com/file-downloader/exports/ZXhwb3J0cy9jb=21tZW50cy8yNzIwMzEzLzE2MDA4NjQvY29tbWVudHNfZXhwb3J0c19ldXNvdWFtb21fMjAyMzA1=MjQxODA2MzJfNjQ2ZTUyMjg2NTRiZS54bHN4
99,20/05/2023 11:26 PM,alexsandra_pride,Chegou a nossa vez de dizer que n√£o temos moeda.,"
",20/05/2023 10:27:04 pm,https://www.instagram.com/p/CsfJl0RtQIh/,https://api.iconosquare.com/file-downloader/exports/ZXhwb3J0cy9jb=21tZW50cy8yNzIwMzEzLzE2MDA4NjQvY29tbWVudHNfZXhwb3J0c19ldXNvdWFtb21fMjAyMzA1=MjQxODA2MzJfNjQ2ZTUyMjg2NTRiZS54bHN4
100,20/05/2023 11:25 PM,andreluizncmartins,"Fa√ßa a mesma cr√≠tica ao governo federal, estamos em tempos dif√≠ceis desde janeiro","
",20/05/2023 10:27:04 pm,https://www.instagram.com/p/CsfJl0RtQIh/,https://api.iconosquare.com/file-downloader/exports/ZXhwb3J0cy9jb=21tZW50cy8yNzIwMzEzLzE2MDA4NjQvY29tbWVudHNfZXhwb3J0c19ldXNvdWFtb21fMjAyMzA1=MjQxODA2MzJfNjQ2ZTUyMjg2NTRiZS54bHN4
101,20/05/2023 11:22 PM,aryadn.s,"essa √© a realidade desde que mudou pra 3,80 ,nunca teve 20 centavos","
",20/05/2023 10:27:04 pm,https://www.instagram.com/p/CsfJl0RtQIh/,https://api.iconosquare.com/file-downloader/exports/ZXhwb3J0cy9jb=21tZW50cy8yNzIwMzEzLzE2MDA4NjQvY29tbWVudHNfZXhwb3J0c19ldXNvdWFtb21fMjAyMzA1=MjQxODA2MzJfNjQ2ZTUyMjg2NTRiZS54bHN4
102,20/05/2023 11:22 PM,fabio_vaz01,"exer√ßam o direito do consumidor...n√£o tem troco, nem que seja 5 centavos, nem precisa pagar a passagem!","
",20/05/2023 10:27:04 pm,https://www.instagram.com/p/CsfJl0RtQIh/,https://api.iconosquare.com/file-downloader/exports/ZXhwb3J0cy9jb=21tZW50cy8yNzIwMzEzLzE2MDA4NjQvY29tbWVudHNfZXhwb3J0c19ldXNvdWFtb21fMjAyMzA1=MjQxODA2MzJfNjQ2ZTUyMjg2NTRiZS54bHN4
103,20/05/2023 11:22 PM,vitorino.cris,Nunca tem troco,"
",20/05/2023 10:27:04 pm,https://www.instagram.com/p/CsfJl0RtQIh/,https://api.iconosquare.com/file-downloader/exports/ZXhwb3J0cy9jb=21tZW50cy8yNzIwMzEzLzE2MDA4NjQvY29tbWVudHNfZXhwb3J0c19ldXNvdWFtb21fMjAyMzA1=MjQxODA2MzJfNjQ2ZTUyMjg2NTRiZS54bHN4
104,20/05/2023 11:19 PM,glauciamello_rf,"Nem troco, eu ando de gra√ßa a lei √© clara","
",20/05/2023 10:27:04 pm,https://www.instagram.com/p/CsfJl0RtQIh/,https://api.iconosquare.com/file-downloader/exports/ZXhwb3J0cy9jb=21tZW50cy8yNzIwMzEzLzE2MDA4NjQvY29tbWVudHNfZXhwb3J0c19ldXNvdWFtb21fMjAyMzA1=MjQxODA2MzJfNjQ2ZTUyMjg2NTRiZS54bHN4
105,20/05/2023 11:16 PM,ketllen.valerialow,Revoltante Subir O Pre√ßo E Os √înibus Est√£o Tudo Velho. üò†,"
",20/05/2023 10:27:04 pm,https://www.instagram.com/p/CsfJl0RtQIh/,https://api.iconosquare.com/file-downloader/exports/ZXhwb3J0cy9jb=21tZW50cy8yNzIwMzEzLzE2MDA4NjQvY29tbWVudHNfZXhwb3J0c19ldXNvdWFtb21fMjAyMzA1=MjQxODA2MzJfNjQ2ZTUyMjg2NTRiZS54bHN4
106,20/05/2023 11:15 PM,rogerlimaduartee,"A realidade nua √© crua e bem pior na pr√°tica, eu n√£o admito esse constrangimento.","
",20/05/2023 10:27:04 pm,https://www.instagram.com/p/CsfJl0RtQIh/,https://api.iconosquare.com/file-downloader/exports/ZXhwb3J0cy9jb=21tZW50cy8yNzIwMzEzLzE2MDA4NjQvY29tbWVudHNfZXhwb3J0c19ldXNvdWFtb21fMjAyMzA1=MjQxODA2MzJfNjQ2ZTUyMjg2NTRiZS54bHN4
107,20/05/2023 11:14 PM,ismaelsouzadg,"O prejudicado nunca deve ser o consumidor, eles que d√™em 1 ou 2 reais de troco, ou ent√£o n√£o pago a passagem e nem des√ßo do √¥nibus.","
",20/05/2023 10:27:04 pm,https://www.instagram.com/p/CsfJl0RtQIh/,https://api.iconosquare.com/file-downloader/exports/ZXhwb3J0cy9jb=21tZW50cy8yNzIwMzEzLzE2MDA4NjQvY29tbWVudHNfZXhwb3J0c19ldXNvdWFtb21fMjAyMzA1=MjQxODA2MzJfNjQ2ZTUyMjg2NTRiZS54bHN4
108,20/05/2023 11:12 PM,aline.17.lima,Isso mesmo üò¢,"
",20/05/2023 10:27:04 pm,https://www.instagram.com/p/CsfJl0RtQIh/,https://api.iconosquare.com/file-downloader/exports/ZXhwb3J0cy9jb=21tZW50cy8yNzIwMzEzLzE2MDA4NjQvY29tbWVudHNfZXhwb3J0c19ldXNvdWFtb21fMjAyMzA1=MjQxODA2MzJfNjQ2ZTUyMjg2NTRiZS54bHN4
109,20/05/2023 11:09 PM,rayssaa_gui,"aqui onde eu moro √© 6,50 ü•≤","
",20/05/2023 10:27:04 pm,https://www.instagram.com/p/CsfJl0RtQIh/,https://api.iconosquare.com/file-downloader/exports/ZXhwb3J0cy9jb=21tZW50cy8yNzIwMzEzLzE2MDA4NjQvY29tbWVudHNfZXhwb3J0c19ldXNvdWFtb21fMjAyMzA1=MjQxODA2MzJfNjQ2ZTUyMjg2NTRiZS54bHN4
110,20/05/2023 11:08 PM,ingredbia,"Isso √© uma pr√°tica abusiva, n√£o cabe √† empresa aplicar sobre o consumidor a fun√ß√£o de ter em m√£os o troco.  Antes eles arredondavam para R$ 4,00 reais agora vai ser R$ 5,00 reais pelo simples fato de nunca terem troco‚Ä¶","
",20/05/2023 10:27:04 pm,https://www.instagram.com/p/CsfJl0RtQIh/,https://api.iconosquare.com/file-downloader/exports/ZXhwb3J0cy9jb=21tZW50cy8yNzIwMzEzLzE2MDA4NjQvY29tbWVudHNfZXhwb3J0c19ldXNvdWFtb21fMjAyMzA1=MjQxODA2MzJfNjQ2ZTUyMjg2NTRiZS54bHN4
111,20/05/2023 11:08 PM,gesiah.shalon,Fato!,"
",20/05/2023 10:27:04 pm,https://www.instagram.com/p/CsfJl0RtQIh/,https://api.iconosquare.com/file-downloader/exports/ZXhwb3J0cy9jb=21tZW50cy8yNzIwMzEzLzE2MDA4NjQvY29tbWVudHNfZXhwb3J0c19ldXNvdWFtb21fMjAyMzA1=MjQxODA2MzJfNjQ2ZTUyMjg2NTRiZS54bHN4
112,20/05/2023 11:07 PM,mari.tattoopiercing,"antes pegavam os ,20centavos. Agora v√£o pegar ,50centavos üòÇüò¢üò¢","
",20/05/2023 10:27:04 pm,https://www.instagram.com/p/CsfJl0RtQIh/,https://api.iconosquare.com/file-downloader/exports/ZXhwb3J0cy9jb=21tZW50cy8yNzIwMzEzLzE2MDA4NjQvY29tbWVudHNfZXhwb3J0c19ldXNvdWFtb21fMjAyMzA1=MjQxODA2MzJfNjQ2ZTUyMjg2NTRiZS54bHN4
113,20/05/2023 11:07 PM,mari.tattoopiercing,"antes pegavam os ,20centavos. Agora v√£o pegar ,50centavos üòÇüò¢üò¢","
",20/05/2023 10:27:04 pm,https://www.instagram.com/p/CsfJl0RtQIh/,https://api.iconosquare.com/file-downloader/exports/ZXhwb3J0cy9jb=21tZW50cy8yNzIwMzEzLzE2MDA4NjQvY29tbWVudHNfZXhwb3J0c19ldXNvdWFtb21fMjAyMzA1=MjQxODA2MzJfNjQ2ZTUyMjg2NTRiZS54bHN4
114,20/05/2023 11:06 PM,_johnnybruno_,Em sp √© assim tbm üò¢,"
",20/05/2023 10:27:04 pm,https://www.instagram.com/p/CsfJl0RtQIh/,https://api.iconosquare.com/file-downloader/exports/ZXhwb3J0cy9jb=21tZW50cy8yNzIwMzEzLzE2MDA4NjQvY29tbWVudHNfZXhwb3J0c19ldXNvdWFtb21fMjAyMzA1=MjQxODA2MzJfNjQ2ZTUyMjg2NTRiZS54bHN4
115,20/05/2023 11:04 PM,hillery_deyos,Se for ficar a 4 50 mesmo se preparem pros meus v√≠deos...√¥nibus podre caindo vou filmar...n√£o der meu troco √© pedir pra eu descer vou filmar e vou processar tudo e todos,"
",20/05/2023 10:27:04 pm,https://www.instagram.com/p/CsfJl0RtQIh/,https://api.iconosquare.com/file-downloader/exports/ZXhwb3J0cy9jb=21tZW50cy8yNzIwMzEzLzE2MDA4NjQvY29tbWVudHNfZXhwb3J0c19ldXNvdWFtb21fMjAyMzA1=MjQxODA2MzJfNjQ2ZTUyMjg2NTRiZS54bHN4
116,20/05/2023 11:04 PM,diegorenen,S√≥ pra constar que as empresas deixa os cobradores se fuder. N√£o d√£o dinheiro em esp√©cie pra troco e muito menos moeda. O cara tem que contar com a sorte pra conseguir dinheiro trocado pra passar o troco.,"
",20/05/2023 10:27:04 pm,https://www.instagram.com/p/CsfJl0RtQIh/,https://api.iconosquare.com/file-downloader/exports/ZXhwb3J0cy9jb=21tZW50cy8yNzIwMzEzLzE2MDA4NjQvY29tbWVudHNfZXhwb3J0c19ldXNvdWFtb21fMjAyMzA1=MjQxODA2MzJfNjQ2ZTUyMjg2NTRiZS54bHN4
117,20/05/2023 11:02 PM,irankoguchi,"Tempos dif√≠ceis criam homens fortes, homens fortes criam tempos f√°ceis, tempos f√°ceis criam homens fracos, homens fracos criam tempos dif√≠ceis### Um membro da Resist√™ncia que vos fala, acha que √© coisa de filme??? Por que voc√™ n√£o acordou ainda pra Realidade!üóøüç∑","
",20/05/2023 10:27:04 pm,https://www.instagram.com/p/CsfJl0RtQIh/,https://api.iconosquare.com/file-downloader/exports/ZXhwb3J0cy9jb=21tZW50cy8yNzIwMzEzLzE2MDA4NjQvY29tbWVudHNfZXhwb3J0c19ldXNvdWFtb21fMjAyMzA1=MjQxODA2MzJfNjQ2ZTUyMjg2NTRiZS54bHN4
118,20/05/2023 11:01 PM,ticianemartins,"E a gasolina, Amom??? Nao vai baixar nao???","
",20/05/2023 10:27:04 pm,https://www.instagram.com/p/CsfJl0RtQIh/,https://api.iconosquare.com/file-downloader/exports/ZXhwb3J0cy9jb=21tZW50cy8yNzIwMzEzLzE2MDA4NjQvY29tbWVudHNfZXhwb3J0c19ldXNvdWFtb21fMjAyMzA1=MjQxODA2MzJfNjQ2ZTUyMjg2NTRiZS54bHN4
119,20/05/2023 10:59 PM,irankoguchi,"Isso acontece por que ao inv√©s de se unirem contra o sistema, preferem ficar brigando entre si‚Ä¶. Acorda!","
",20/05/2023 10:27:04 pm,https://www.instagram.com/p/CsfJl0RtQIh/,https://api.iconosquare.com/file-downloader/exports/ZXhwb3J0cy9jb=21tZW50cy8yNzIwMzEzLzE2MDA4NjQvY29tbWVudHNfZXhwb3J0c19ldXNvdWFtb21fMjAyMzA1=MjQxODA2MzJfNjQ2ZTUyMjg2NTRiZS54bHN4
120,20/05/2023 10:56 PM,j.lincoln_sccp,Mas Me juraram q ia ter at√© tomada nos bus√£o kkkkk,"
",20/05/2023 10:27:04 pm,https://www.instagram.com/p/CsfJl0RtQIh/,https://api.iconosquare.com/file-downloader/exports/ZXhwb3J0cy9jb=21tZW50cy8yNzIwMzEzLzE2MDA4NjQvY29tbWVudHNfZXhwb3J0c19ldXNvdWFtb21fMjAyMzA1=MjQxODA2MzJfNjQ2ZTUyMjg2NTRiZS54bHN4
121,20/05/2023 10:56 PM,gualtegrecco,Deixa 4 e resolve logo !!,"
",20/05/2023 10:27:04 pm,https://www.instagram.com/p/CsfJl0RtQIh/,https://api.iconosquare.com/file-downloader/exports/ZXhwb3J0cy9jb=21tZW50cy8yNzIwMzEzLzE2MDA4NjQvY29tbWVudHNfZXhwb3J0c19ldXNvdWFtb21fMjAyMzA1=MjQxODA2MzJfNjQ2ZTUyMjg2NTRiZS54bHN4
122,20/05/2023 10:56 PM,ernandejr5,Nem levaram em considera√ß√£o que sempre pagamos R$ 4 e provavelmente pagaremos R$ 5,"
",20/05/2023 10:27:04 pm,https://www.instagram.com/p/CsfJl0RtQIh/,https://api.iconosquare.com/file-downloader/exports/ZXhwb3J0cy9jb=21tZW50cy8yNzIwMzEzLzE2MDA4NjQvY29tbWVudHNfZXhwb3J0c19ldXNvdWFtb21fMjAyMzA1=MjQxODA2MzJfNjQ2ZTUyMjg2NTRiZS54bHN4
123,22/05/2023 1:15 PM,karuna.massoterapia,"Reply: @nore_min_ eu s√≥ passo se me der meu troco, se n√£o der, n√£o passo e eles devolvem o dinheiro. N√£o t√¥ nem a√≠ se fica ou n√£o com raiva, pois estou no meu direito","
",20/05/2023 10:27:04 pm,https://www.instagram.com/p/CsfJl0RtQIh/,https://api.iconosquare.com/file-downloader/exports/ZXhwb3J0cy9jb=21tZW50cy8yNzIwMzEzLzE2MDA4NjQvY29tbWVudHNfZXhwb3J0c19ldXNvdWFtb21fMjAyMzA1=MjQxODA2MzJfNjQ2ZTUyMjg2NTRiZS54bHN4
124,22/05/2023 1:02 PM,nore_min_,"Reply: @karuna.massoterapia a quest√£o nem √© ser besta.... eles que n√£o querem dar mesmo, e quando a gente cobra... ainda ficam com raiva","
",20/05/2023 10:27:04 pm,https://www.instagram.com/p/CsfJl0RtQIh/,https://api.iconosquare.com/file-downloader/exports/ZXhwb3J0cy9jb=21tZW50cy8yNzIwMzEzLzE2MDA4NjQvY29tbWVudHNfZXhwb3J0c19ldXNvdWFtb21fMjAyMzA1=MjQxODA2MzJfNjQ2ZTUyMjg2NTRiZS54bHN4
125,20/05/2023 11:03 PM,karuna.massoterapia,"Reply: @ernandejr5 s√≥ se quiser e for besta, pra isso tem uma lei","
",20/05/2023 10:27:04 pm,https://www.instagram.com/p/CsfJl0RtQIh/,https://api.iconosquare.com/file-downloader/exports/ZXhwb3J0cy9jb=21tZW50cy8yNzIwMzEzLzE2MDA4NjQvY29tbWVudHNfZXhwb3J0c19ldXNvdWFtb21fMjAyMzA1=MjQxODA2MzJfNjQ2ZTUyMjg2NTRiZS54bHN4
126,20/05/2023 10:54 PM,julianaoliveirass_,"Realidade do povo Manauara, infelizmente","
",20/05/2023 10:27:04 pm,https://www.instagram.com/p/CsfJl0RtQIh/,https://api.iconosquare.com/file-downloader/exports/ZXhwb3J0cy9jb=21tZW50cy8yNzIwMzEzLzE2MDA4NjQvY29tbWVudHNfZXhwb3J0c19ldXNvdWFtb21fMjAyMzA1=MjQxODA2MzJfNjQ2ZTUyMjg2NTRiZS54bHN4
127,20/05/2023 10:54 PM,irankoguchi,"O Sistema quer isso manter sempre a manada sobre controle, descubra que ningu√©m pode controlar voc√™ e seja Uma luz nessa escurid√£o üòâ pega esse c√≥digo voc√™s Air que se contentam com migalhasüí™üèª Espero ter ajudado‚Ä¶ nunca ouviram esse tipo de conselho do sistema.","
",20/05/2023 10:27:04 pm,https://www.instagram.com/p/CsfJl0RtQIh/,https://api.iconosquare.com/file-downloader/exports/ZXhwb3J0cy9jb=21tZW50cy8yNzIwMzEzLzE2MDA4NjQvY29tbWVudHNfZXhwb3J0c19ldXNvdWFtb21fMjAyMzA1=MjQxODA2MzJfNjQ2ZTUyMjg2NTRiZS54bHN4
128,20/05/2023 10:52 PM,andreza_bio,"Aumenta o pre√ßo da passagem, qualidade  nos √¥nibus nada, seguran√ßa nem se fala, assaltos j√° √© rotina!!!ü§°ü§°ü§° Enfim s√≥ o Amon virando prefeito, depois governador, as  coisas tomem jeito no AM. At√© l√° s√≥ retrocesso!!!üëçüôÇ","
",20/05/2023 10:27:04 pm,https://www.instagram.com/p/CsfJl0RtQIh/,https://api.iconosquare.com/file-downloader/exports/ZXhwb3J0cy9jb=21tZW50cy8yNzIwMzEzLzE2MDA4NjQvY29tbWVudHNfZXhwb3J0c19ldXNvdWFtb21fMjAyMzA1=MjQxODA2MzJfNjQ2ZTUyMjg2NTRiZS54bHN4
129,20/05/2023 10:52 PM,celielsonda,Antes de pagar pergunta si tem troco si n√£o tiver a passagem e di gra√ßa fasam valer seus direitos,"
",20/05/2023 10:27:04 pm,https://www.instagram.com/p/CsfJl0RtQIh/,https://api.iconosquare.com/file-downloader/exports/ZXhwb3J0cy9jb=21tZW50cy8yNzIwMzEzLzE2MDA4NjQvY29tbWVudHNfZXhwb3J0c19ldXNvdWFtb21fMjAyMzA1=MjQxODA2MzJfNjQ2ZTUyMjg2NTRiZS54bHN4
130,20/05/2023 10:52 PM,gabah.ofc,"Quando n√£o tem troco eu saio pela frente sempre, acabo e economizando sempre que elea n√£o tem troco.","
",20/05/2023 10:27:04 pm,https://www.instagram.com/p/CsfJl0RtQIh/,https://api.iconosquare.com/file-downloader/exports/ZXhwb3J0cy9jb=21tZW50cy8yNzIwMzEzLzE2MDA4NjQvY29tbWVudHNfZXhwb3J0c19ldXNvdWFtb21fMjAyMzA1=MjQxODA2MzJfNjQ2ZTUyMjg2NTRiZS54bHN4
131,20/05/2023 10:51 PM,rangellimalopes,Resolve logo coloca 5 reais e vida que segue,"
",20/05/2023 10:27:04 pm,https://www.instagram.com/p/CsfJl0RtQIh/,https://api.iconosquare.com/file-downloader/exports/ZXhwb3J0cy9jb=21tZW50cy8yNzIwMzEzLzE2MDA4NjQvY29tbWVudHNfZXhwb3J0c19ldXNvdWFtb21fMjAyMzA1=MjQxODA2MzJfNjQ2ZTUyMjg2NTRiZS54bHN4
132,20/05/2023 10:50 PM,mlucian,A lenda do troco. üòÆ,"
",20/05/2023 10:27:04 pm,https://www.instagram.com/p/CsfJl0RtQIh/,https://api.iconosquare.com/file-downloader/exports/ZXhwb3J0cy9jb=21tZW50cy8yNzIwMzEzLzE2MDA4NjQvY29tbWVudHNfZXhwb3J0c19ldXNvdWFtb21fMjAyMzA1=MjQxODA2MzJfNjQ2ZTUyMjg2NTRiZS54bHN4
133,20/05/2023 10:50 PM,celielsonda,E so fazer valer a lei do troco,"
",20/05/2023 10:27:04 pm,https://www.instagram.com/p/CsfJl0RtQIh/,https://api.iconosquare.com/file-downloader/exports/ZXhwb3J0cy9jb=21tZW50cy8yNzIwMzEzLzE2MDA4NjQvY29tbWVudHNfZXhwb3J0c19ldXNvdWFtb21fMjAyMzA1=MjQxODA2MzJfNjQ2ZTUyMjg2NTRiZS54bHN4
134,20/05/2023 10:49 PM,acastilho.s,"Gente, n√£o deixem pra l√° esse trocados. N√£o √© pelo cobrador, mas deixando esses centavos voc√™s enchem os bolsos dos empres√°rios e n√£o melhoram nada no transporte.  Fa√ßam valer a Lei.","
",20/05/2023 10:27:04 pm,https://www.instagram.com/p/CsfJl0RtQIh/,https://api.iconosquare.com/file-downloader/exports/ZXhwb3J0cy9jb=21tZW50cy8yNzIwMzEzLzE2MDA4NjQvY29tbWVudHNfZXhwb3J0c19ldXNvdWFtb21fMjAyMzA1=MjQxODA2MzJfNjQ2ZTUyMjg2NTRiZS54bHN4
135,22/05/2023 8:54 PM,danielhertzde,Reply: @acastilho.s CPI do STF j√°! Fora Lula e Xandao j√°!,"
",20/05/2023 10:27:04 pm,https://www.instagram.com/p/CsfJl0RtQIh/,https://api.iconosquare.com/file-downloader/exports/ZXhwb3J0cy9jb=21tZW50cy8yNzIwMzEzLzE2MDA4NjQvY29tbWVudHNfZXhwb3J0c19ldXNvdWFtb21fMjAyMzA1=MjQxODA2MzJfNjQ2ZTUyMjg2NTRiZS54bHN4
136,22/05/2023 1:11 PM,acastilho.s,Reply: @nore_min_ exatamente. Se √© lei tem que ser cumprida.,"
",20/05/2023 10:27:04 pm,https://www.instagram.com/p/CsfJl0RtQIh/,https://api.iconosquare.com/file-downloader/exports/ZXhwb3J0cy9jb=21tZW50cy8yNzIwMzEzLzE2MDA4NjQvY29tbWVudHNfZXhwb3J0c19ldXNvdWFtb21fMjAyMzA1=MjQxODA2MzJfNjQ2ZTUyMjg2NTRiZS54bHN4
137,22/05/2023 1:00 PM,nore_min_,Reply: @acastilho.s e quando a gente vai cobrar o troco.... os cobradores ainda ficam com raiva,"
",20/05/2023 10:27:04 pm,https://www.instagram.com/p/CsfJl0RtQIh/,https://api.iconosquare.com/file-downloader/exports/ZXhwb3J0cy9jb=21tZW50cy8yNzIwMzEzLzE2MDA4NjQvY29tbWVudHNfZXhwb3J0c19ldXNvdWFtb21fMjAyMzA1=MjQxODA2MzJfNjQ2ZTUyMjg2NTRiZS54bHN4
138,20/05/2023 11:31 PM,__francoisee_,"Reply: @acastilho.s na realidade quem fica √© o cobrador sim, ele s√≥ entrega o valor que d√° de passagem, ou seja o que sobrar √© dele!","
",20/05/2023 10:27:04 pm,https://www.instagram.com/p/CsfJl0RtQIh/,https://api.iconosquare.com/file-downloader/exports/ZXhwb3J0cy9jb=21tZW50cy8yNzIwMzEzLzE2MDA4NjQvY29tbWVudHNfZXhwb3J0c19ldXNvdWFtb21fMjAyMzA1=MjQxODA2MzJfNjQ2ZTUyMjg2NTRiZS54bHN4
139,20/05/2023 11:06 PM,walderizabarreto,"Reply: @acastilho.s √© isso a√≠... Imaginem os milh√µes de centavos, no final do dia para os bolsos  desses empres√°rios???üò°","
",20/05/2023 10:27:04 pm,https://www.instagram.com/p/CsfJl0RtQIh/,https://api.iconosquare.com/file-downloader/exports/ZXhwb3J0cy9jb=21tZW50cy8yNzIwMzEzLzE2MDA4NjQvY29tbWVudHNfZXhwb3J0c19ldXNvdWFtb21fMjAyMzA1=MjQxODA2MzJfNjQ2ZTUyMjg2NTRiZS54bHN4
140,20/05/2023 10:48 PM,daynaracampos30,Se n√£o tiver troco tem que ir de gra√ßa. Est√° na lei.,"
",20/05/2023 10:27:04 pm,https://www.instagram.com/p/CsfJl0RtQIh/,https://api.iconosquare.com/file-downloader/exports/ZXhwb3J0cy9jb=21tZW50cy8yNzIwMzEzLzE2MDA4NjQvY29tbWVudHNfZXhwb3J0c19ldXNvdWFtb21fMjAyMzA1=MjQxODA2MzJfNjQ2ZTUyMjg2NTRiZS54bHN4
141,22/05/2023 8:55 PM,danielhertzde,Reply: @daynaracampos30 CPI do STF j√°! Fora Lula e Xandao j√°,"
",20/05/2023 10:27:04 pm,https://www.instagram.com/p/CsfJl0RtQIh/,https://api.iconosquare.com/file-downloader/exports/ZXhwb3J0cy9jb=21tZW50cy8yNzIwMzEzLzE2MDA4NjQvY29tbWVudHNfZXhwb3J0c19ldXNvdWFtb21fMjAyMzA1=MjQxODA2MzJfNjQ2ZTUyMjg2NTRiZS54bHN4
142,20/05/2023 10:48 PM,srmiasma_,"@eusouamom  precisamos de voc√™ no governo ou prefeitura, nossa cidade e estado esta jogada a pr√≥pria sorte com esses ‚Äú homens ‚Äú no poder","
",20/05/2023 10:27:04 pm,https://www.instagram.com/p/CsfJl0RtQIh/,https://api.iconosquare.com/file-downloader/exports/ZXhwb3J0cy9jb=21tZW50cy8yNzIwMzEzLzE2MDA4NjQvY29tbWVudHNfZXhwb3J0c19ldXNvdWFtb21fMjAyMzA1=MjQxODA2MzJfNjQ2ZTUyMjg2NTRiZS54bHN4
143,20/05/2023 10:47 PM,bibidospets,Se os funcion√°rios tivessem um pouco de uni√£o . Iriam trabalhar e deixariam a popula√ß√£o inteira andar de gra√ßa pq um processo de protesto sempre tem mais resultado quando mexe no bolso dos empres√°rios safados.. n√£o iam demitir todos os funcion√°rios,"
",20/05/2023 10:27:04 pm,https://www.instagram.com/p/CsfJl0RtQIh/,https://api.iconosquare.com/file-downloader/exports/ZXhwb3J0cy9jb=21tZW50cy8yNzIwMzEzLzE2MDA4NjQvY29tbWVudHNfZXhwb3J0c19ldXNvdWFtb21fMjAyMzA1=MjQxODA2MzJfNjQ2ZTUyMjg2NTRiZS54bHN4
144,20/05/2023 10:46 PM,perfilpessoalv,@eusouamom j√° √© dif√≠cil para quem anda com crian√ßa por que os cobradores e motoristas s√£o super ignorantes. Uma vez o motorista n√£o deixou eu entrar pela frente junto com os idosos as 8 horas da noite o √¥nibus super lotado e minha filha √© de colo(isso aconteceu no terminal 4 ). Sem contar que j√° presenciei 2 vezes m√£e com crian√ßa autista entrando pela mesma porta que entra aqueles cavalo sem educa√ß√£o. Isso acontece nos terminais üò¢ a gente que √© m√£e sempre sendo exclu√≠das e tratada na ignor√¢ncia.,"
",20/05/2023 10:27:04 pm,https://www.instagram.com/p/CsfJl0RtQIh/,https://api.iconosquare.com/file-downloader/exports/ZXhwb3J0cy9jb=21tZW50cy8yNzIwMzEzLzE2MDA4NjQvY29tbWVudHNfZXhwb3J0c19ldXNvdWFtb21fMjAyMzA1=MjQxODA2MzJfNjQ2ZTUyMjg2NTRiZS54bHN4
145,20/05/2023 10:46 PM,desiree_costa17,üò¢üò¢üò¢üò¢,"
",20/05/2023 10:27:04 pm,https://www.instagram.com/p/CsfJl0RtQIh/,https://api.iconosquare.com/file-downloader/exports/ZXhwb3J0cy9jb=21tZW50cy8yNzIwMzEzLzE2MDA4NjQvY29tbWVudHNfZXhwb3J0c19ldXNvdWFtb21fMjAyMzA1=MjQxODA2MzJfNjQ2ZTUyMjg2NTRiZS54bHN4
146,20/05/2023 10:45 PM,fotosdalud,@esmelbentes @zilmaranogueira a passagem aumentando a√≠. üò¢,"
",20/05/2023 10:27:04 pm,https://www.instagram.com/p/CsfJl0RtQIh/,https://api.iconosquare.com/file-downloader/exports/ZXhwb3J0cy9jb=21tZW50cy8yNzIwMzEzLzE2MDA4NjQvY29tbWVudHNfZXhwb3J0c19ldXNvdWFtb21fMjAyMzA1=MjQxODA2MzJfNjQ2ZTUyMjg2NTRiZS54bHN4
147,20/05/2023 10:45 PM,bibidospets,Meu filho se n√£o tiver troco v√¥ de gra√ßa ou des√ßo pq n√£o d√° mais para perdoar n√£o üò¢,"
",20/05/2023 10:27:04 pm,https://www.instagram.com/p/CsfJl0RtQIh/,https://api.iconosquare.com/file-downloader/exports/ZXhwb3J0cy9jb=21tZW50cy8yNzIwMzEzLzE2MDA4NjQvY29tbWVudHNfZXhwb3J0c19ldXNvdWFtb21fMjAyMzA1=MjQxODA2MzJfNjQ2ZTUyMjg2NTRiZS54bHN4
148,20/05/2023 10:45 PM,_rayssa_mota,se n√£o tiver troco √© obrigat√≥rio ir de gra√ßa,"
",20/05/2023 10:27:04 pm,https://www.instagram.com/p/CsfJl0RtQIh/,https://api.iconosquare.com/file-downloader/exports/ZXhwb3J0cy9jb=21tZW50cy8yNzIwMzEzLzE2MDA4NjQvY29tbWVudHNfZXhwb3J0c19ldXNvdWFtb21fMjAyMzA1=MjQxODA2MzJfNjQ2ZTUyMjg2NTRiZS54bHN4
149,20/05/2023 10:43 PM,bianeves44,"Passou de 4 pra 5,vergonhoso e lament√°vel!","
",20/05/2023 10:27:04 pm,https://www.instagram.com/p/CsfJl0RtQIh/,https://api.iconosquare.com/file-downloader/exports/ZXhwb3J0cy9jb=21tZW50cy8yNzIwMzEzLzE2MDA4NjQvY29tbWVudHNfZXhwb3J0c19ldXNvdWFtb21fMjAyMzA1=MjQxODA2MzJfNjQ2ZTUyMjg2NTRiZS54bHN4
150,20/05/2023 10:43 PM,gabsanttunes,"@eusouamom agora √© a hora, a prefeitura te espera .","
",20/05/2023 10:27:04 pm,https://www.instagram.com/p/CsfJl0RtQIh/,https://api.iconosquare.com/file-downloader/exports/ZXhwb3J0cy9jb=21tZW50cy8yNzIwMzEzLzE2MDA4NjQvY29tbWVudHNfZXhwb3J0c19ldXNvdWFtb21fMjAyMzA1=MjQxODA2MzJfNjQ2ZTUyMjg2NTRiZS54bHN4
151,20/05/2023 10:42 PM,roseneide118,"Absurdo e defender a popula√ß√£o ningu√©m.  Contamos com vc Amom, meu voto ser√° seu para Prefeito.","
",20/05/2023 10:27:04 pm,https://www.instagram.com/p/CsfJl0RtQIh/,https://api.iconosquare.com/file-downloader/exports/ZXhwb3J0cy9jb=21tZW50cy8yNzIwMzEzLzE2MDA4NjQvY29tbWVudHNfZXhwb3J0c19ldXNvdWFtb21fMjAyMzA1=MjQxODA2MzJfNjQ2ZTUyMjg2NTRiZS54bHN4
152,21/05/2023 1:06 AM,eusouamom,Reply: @roseneide118 Conte com meu apoio üôå,"
",20/05/2023 10:27:04 pm,https://www.instagram.com/p/CsfJl0RtQIh/,https://api.iconosquare.com/file-downloader/exports/ZXhwb3J0cy9jb=21tZW50cy8yNzIwMzEzLzE2MDA4NjQvY29tbWVudHNfZXhwb3J0c19ldXNvdWFtb21fMjAyMzA1=MjQxODA2MzJfNjQ2ZTUyMjg2NTRiZS54bHN4
153,20/05/2023 10:41 PM,cirilaofcintra,se n√£o tiver troco tem q ir de gra√ßa üôÇ,"
",20/05/2023 10:27:04 pm,https://www.instagram.com/p/CsfJl0RtQIh/,https://api.iconosquare.com/file-downloader/exports/ZXhwb3J0cy9jb=21tZW50cy8yNzIwMzEzLzE2MDA4NjQvY29tbWVudHNfZXhwb3J0c19ldXNvdWFtb21fMjAyMzA1=MjQxODA2MzJfNjQ2ZTUyMjg2NTRiZS54bHN4
154,20/05/2023 10:38 PM,annecaliandraneves,"Ent√£o vou de gra√ßa, fimüòå","
",20/05/2023 10:27:04 pm,https://www.instagram.com/p/CsfJl0RtQIh/,https://api.iconosquare.com/file-downloader/exports/ZXhwb3J0cy9jb=21tZW50cy8yNzIwMzEzLzE2MDA4NjQvY29tbWVudHNfZXhwb3J0c19ldXNvdWFtb21fMjAyMzA1=MjQxODA2MzJfNjQ2ZTUyMjg2NTRiZS54bHN4
155,20/05/2023 10:38 PM,yuriamanox,Ksksksks a gente paga pra ser roubado dentro üòÇ,"
",20/05/2023 10:27:04 pm,https://www.instagram.com/p/CsfJl0RtQIh/,https://api.iconosquare.com/file-downloader/exports/ZXhwb3J0cy9jb=21tZW50cy8yNzIwMzEzLzE2MDA4NjQvY29tbWVudHNfZXhwb3J0c19ldXNvdWFtb21fMjAyMzA1=MjQxODA2MzJfNjQ2ZTUyMjg2NTRiZS54bHN4
156,20/05/2023 10:37 PM,felipebritop9,Realidade do manauara.,"
",20/05/2023 10:27:04 pm,https://www.instagram.com/p/CsfJl0RtQIh/,https://api.iconosquare.com/file-downloader/exports/ZXhwb3J0cy9jb=21tZW50cy8yNzIwMzEzLzE2MDA4NjQvY29tbWVudHNfZXhwb3J0c19ldXNvdWFtb21fMjAyMzA1=MjQxODA2MzJfNjQ2ZTUyMjg2NTRiZS54bHN4
157,20/05/2023 10:37 PM,diegocostaam,O troco a popula√ß√£o t√° sentindo na pele andando em um bando de cacarecos! #foradavidalmeida,"
",20/05/2023 10:27:04 pm,https://www.instagram.com/p/CsfJl0RtQIh/,https://api.iconosquare.com/file-downloader/exports/ZXhwb3J0cy9jb=21tZW50cy8yNzIwMzEzLzE2MDA4NjQvY29tbWVudHNfZXhwb3J0c19ldXNvdWFtb21fMjAyMzA1=MjQxODA2MzJfNjQ2ZTUyMjg2NTRiZS54bHN4
158,20/05/2023 10:36 PM,deise.costtaa,"Exatamente. T√¥ nem vendo, se n√£o me derem meus 0,50$ vou de gra√ßa!","
",20/05/2023 10:27:04 pm,https://www.instagram.com/p/CsfJl0RtQIh/,https://api.iconosquare.com/file-downloader/exports/ZXhwb3J0cy9jb=21tZW50cy8yNzIwMzEzLzE2MDA4NjQvY29tbWVudHNfZXhwb3J0c19ldXNvdWFtb21fMjAyMzA1=MjQxODA2MzJfNjQ2ZTUyMjg2NTRiZS54bHN4
159,20/05/2023 10:35 PM,_.danny.cb,"Na realidade essa passagem vai ser 5 reais..pq se antes eles ja diziam n√£o ter 20centavos de troco..agora sendo 50 de troco,a√≠ q n√£o ter√£o mesmo. Sempre perguntava antes de passar na catraca se tinha troco,agora q vou perguntar mesmo,se n√£o tiver meu troco,des√ßo pela frente e pronto!N√£o vou deixar meus 50centavos pra enricar empres√°rio.","
",20/05/2023 10:27:04 pm,https://www.instagram.com/p/CsfJl0RtQIh/,https://api.iconosquare.com/file-downloader/exports/ZXhwb3J0cy9jb=21tZW50cy8yNzIwMzEzLzE2MDA4NjQvY29tbWVudHNfZXhwb3J0c19ldXNvdWFtb21fMjAyMzA1=MjQxODA2MzJfNjQ2ZTUyMjg2NTRiZS54bHN4
160,21/05/2023 9:31 AM,wandamariaalvesdasilva,Reply: N√£o √© pra empresa n√£o muitas vezes o cobrador tem mais n√£o d√° quando v√£o prestar conta eles tem que d√° o que t√° marcando o Amom n√£o vai resolver nada ele tirou foi a veba da UFAM s√≥ conversa fiada,"
",20/05/2023 10:27:04 pm,https://www.instagram.com/p/CsfJl0RtQIh/,https://api.iconosquare.com/file-downloader/exports/ZXhwb3J0cy9jb=21tZW50cy8yNzIwMzEzLzE2MDA4NjQvY29tbWVudHNfZXhwb3J0c19ldXNvdWFtb21fMjAyMzA1=MjQxODA2MzJfNjQ2ZTUyMjg2NTRiZS54bHN4
161,20/05/2023 10:53 PM,_.danny.cb,"Reply: @karuna.massoterapia eu TB sempre fiz valer..sempre perguntava antes..exijia meus 20 centavos,e quando n√£o tinham troco eu descia pela frente,direto de todos.Conhe√ßo esse lei,e estou salientando que agora que n√£o deixarei mesmo de us√°-la.","
",20/05/2023 10:27:04 pm,https://www.instagram.com/p/CsfJl0RtQIh/,https://api.iconosquare.com/file-downloader/exports/ZXhwb3J0cy9jb=21tZW50cy8yNzIwMzEzLzE2MDA4NjQvY29tbWVudHNfZXhwb3J0c19ldXNvdWFtb21fMjAyMzA1=MjQxODA2MzJfNjQ2ZTUyMjg2NTRiZS54bHN4
162,20/05/2023 10:46 PM,karuna.massoterapia,"Reply: Vc s√≥ paga 5 reais se quiser e for boba, pq tem uma lei que diz que se o cobrador (a) n√£o tiver o troco completo vc n√£o precisa pagar e desce pela frente, muitas vezes fiz valer meu direito, t√¥ nem vendo","
",20/05/2023 10:27:04 pm,https://www.instagram.com/p/CsfJl0RtQIh/,https://api.iconosquare.com/file-downloader/exports/ZXhwb3J0cy9jb=21tZW50cy8yNzIwMzEzLzE2MDA4NjQvY29tbWVudHNfZXhwb3J0c19ldXNvdWFtb21fMjAyMzA1=MjQxODA2MzJfNjQ2ZTUyMjg2NTRiZS54bHN4
163,20/05/2023 10:45 PM,bibidospets,Reply: Isso mesmo e vc est√° certa,"
",20/05/2023 10:27:04 pm,https://www.instagram.com/p/CsfJl0RtQIh/,https://api.iconosquare.com/file-downloader/exports/ZXhwb3J0cy9jb=21tZW50cy8yNzIwMzEzLzE2MDA4NjQvY29tbWVudHNfZXhwb3J0c19ldXNvdWFtb21fMjAyMzA1=MjQxODA2MzJfNjQ2ZTUyMjg2NTRiZS54bHN4
164,20/05/2023 10:35 PM,vitorbritod,üò¢,"
",20/05/2023 10:27:04 pm,https://www.instagram.com/p/CsfJl0RtQIh/,https://api.iconosquare.com/file-downloader/exports/ZXhwb3J0cy9jb=21tZW50cy8yNzIwMzEzLzE2MDA4NjQvY29tbWVudHNfZXhwb3J0c19ldXNvdWFtb21fMjAyMzA1=MjQxODA2MzJfNjQ2ZTUyMjg2NTRiZS54bHN4
165,20/05/2023 10:34 PM,leandrosocrates7,Infelizmente √© assim,"
",20/05/2023 10:27:04 pm,https://www.instagram.com/p/CsfJl0RtQIh/,https://api.iconosquare.com/file-downloader/exports/ZXhwb3J0cy9jb=21tZW50cy8yNzIwMzEzLzE2MDA4NjQvY29tbWVudHNfZXhwb3J0c19ldXNvdWFtb21fMjAyMzA1=MjQxODA2MzJfNjQ2ZTUyMjg2NTRiZS54bHN4
166,20/05/2023 10:34 PM,andrea.engell.7,"Eu a partir de amanh√£ vou querer meu troco .sempre deixei o 0,20 todas as vezes que precisei andar de coletivo. De 0,20 em 0,20 . Eles no final do dia com esse valor de cada um que deixa l√° dava pra pagar com folga os funcion√°rios. Ou os funcion√°rios n√£o repassa essa sobra pra EMPRESA???","
",20/05/2023 10:27:04 pm,https://www.instagram.com/p/CsfJl0RtQIh/,https://api.iconosquare.com/file-downloader/exports/ZXhwb3J0cy9jb=21tZW50cy8yNzIwMzEzLzE2MDA4NjQvY29tbWVudHNfZXhwb3J0c19ldXNvdWFtb21fMjAyMzA1=MjQxODA2MzJfNjQ2ZTUyMjg2NTRiZS54bHN4
167,20/05/2023 10:33 PM,marocas_doce25,assim mesmo. üò¢,"
",20/05/2023 10:27:04 pm,https://www.instagram.com/p/CsfJl0RtQIh/,https://api.iconosquare.com/file-downloader/exports/ZXhwb3J0cy9jb=21tZW50cy8yNzIwMzEzLzE2MDA4NjQvY29tbWVudHNfZXhwb3J0c19ldXNvdWFtb21fMjAyMzA1=MjQxODA2MzJfNjQ2ZTUyMjg2NTRiZS54bHN4
168,20/05/2023 10:33 PM,reinaldo.parente.35,Eu at√© estou ...mais tenho o direito do meu lado entao usarei ele nas horas necess√°rias...,"
",20/05/2023 10:27:04 pm,https://www.instagram.com/p/CsfJl0RtQIh/,https://api.iconosquare.com/file-downloader/exports/ZXhwb3J0cy9jb=21tZW50cy8yNzIwMzEzLzE2MDA4NjQvY29tbWVudHNfZXhwb3J0c19ldXNvdWFtb21fMjAyMzA1=MjQxODA2MzJfNjQ2ZTUyMjg2NTRiZS54bHN4
169,20/05/2023 10:50 PM,karuna.massoterapia,Reply: @reinaldo.parente.35 grande parte da popula√ß√£o nem tem conhecimento da lei e alguns cobradores se fazem de desintendidos,"
",20/05/2023 10:27:04 pm,https://www.instagram.com/p/CsfJl0RtQIh/,https://api.iconosquare.com/file-downloader/exports/ZXhwb3J0cy9jb=21tZW50cy8yNzIwMzEzLzE2MDA4NjQvY29tbWVudHNfZXhwb3J0c19ldXNvdWFtb21fMjAyMzA1=MjQxODA2MzJfNjQ2ZTUyMjg2NTRiZS54bHN4
170,20/05/2023 10:33 PM,kikadcc,Eu üò¢üò¢üò¢üò¢,"
",20/05/2023 10:27:04 pm,https://www.instagram.com/p/CsfJl0RtQIh/,https://api.iconosquare.com/file-downloader/exports/ZXhwb3J0cy9jb=21tZW50cy8yNzIwMzEzLzE2MDA4NjQvY29tbWVudHNfZXhwb3J0c19ldXNvdWFtb21fMjAyMzA1=MjQxODA2MzJfNjQ2ZTUyMjg2NTRiZS54bHN4
171,20/05/2023 10:32 PM,lucila_lopess,@eusouamom Fa√ßa alguma coisa.,"
",20/05/2023 10:27:04 pm,https://www.instagram.com/p/CsfJl0RtQIh/,https://api.iconosquare.com/file-downloader/exports/ZXhwb3J0cy9jb=21tZW50cy8yNzIwMzEzLzE2MDA4NjQvY29tbWVudHNfZXhwb3J0c19ldXNvdWFtb21fMjAyMzA1=MjQxODA2MzJfNjQ2ZTUyMjg2NTRiZS54bHN4
172,20/05/2023 10:32 PM,josiele8595,De fato nossa realidade üò¢,"
",20/05/2023 10:27:04 pm,https://www.instagram.com/p/CsfJl0RtQIh/,https://api.iconosquare.com/file-downloader/exports/ZXhwb3J0cy9jb=21tZW50cy8yNzIwMzEzLzE2MDA4NjQvY29tbWVudHNfZXhwb3J0c19ldXNvdWFtb21fMjAyMzA1=MjQxODA2MzJfNjQ2ZTUyMjg2NTRiZS54bHN4
173,20/05/2023 10:37 PM,josiele8595,Reply: @eusouamom bastante üò¢,"
",20/05/2023 10:27:04 pm,https://www.instagram.com/p/CsfJl0RtQIh/,https://api.iconosquare.com/file-downloader/exports/ZXhwb3J0cy9jb=21tZW50cy8yNzIwMzEzLzE2MDA4NjQvY29tbWVudHNfZXhwb3J0c19ldXNvdWFtb21fMjAyMzA1=MjQxODA2MzJfNjQ2ZTUyMjg2NTRiZS54bHN4
174,20/05/2023 10:33 PM,eusouamom,Reply: @josiele8595 Lament√°vel üòû,"
",20/05/2023 10:27:04 pm,https://www.instagram.com/p/CsfJl0RtQIh/,https://api.iconosquare.com/file-downloader/exports/ZXhwb3J0cy9jb=21tZW50cy8yNzIwMzEzLzE2MDA4NjQvY29tbWVudHNfZXhwb3J0c19ldXNvdWFtb21fMjAyMzA1=MjQxODA2MzJfNjQ2ZTUyMjg2NTRiZS54bHN4
175,20/05/2023 10:32 PM,pollypaola.ps,E vai ser assim mesmo. Sem troco. ü§¶üèæ‚Äç‚ôÄÔ∏è,"
",20/05/2023 10:27:04 pm,https://www.instagram.com/p/CsfJl0RtQIh/,https://api.iconosquare.com/file-downloader/exports/ZXhwb3J0cy9jb=21tZW50cy8yNzIwMzEzLzE2MDA4NjQvY29tbWVudHNfZXhwb3J0c19ldXNvdWFtb21fMjAyMzA1=MjQxODA2MzJfNjQ2ZTUyMjg2NTRiZS54bHN4
176,20/05/2023 10:31 PM,luanmartinss1208,"‚Äî Parab√©ns por ser um Deputado atuante e competente. Spu de S√£o Paulo, mas admiro sua eloqu√™ncia e seu destaque pol√≠tico. Que sua legislatura venha a colaborar com o avan√ßo do debate amplo das pol√≠ticas p√∫blicas, com observ√¢ncia aos temas sociais de avultada import√¢ncia. @eusouamom","
",20/05/2023 10:27:04 pm,https://www.instagram.com/p/CsfJl0RtQIh/,https://api.iconosquare.com/file-downloader/exports/ZXhwb3J0cy9jb=21tZW50cy8yNzIwMzEzLzE2MDA4NjQvY29tbWVudHNfZXhwb3J0c19ldXNvdWFtb21fMjAyMzA1=MjQxODA2MzJfNjQ2ZTUyMjg2NTRiZS54bHN4
177,20/05/2023 11:30 PM,walderizabarreto,Reply: @luanmartinss1208 üëèüëèüëèüëè,"
",20/05/2023 10:27:04 pm,https://www.instagram.com/p/CsfJl0RtQIh/,https://api.iconosquare.com/file-downloader/exports/ZXhwb3J0cy9jb=21tZW50cy8yNzIwMzEzLzE2MDA4NjQvY29tbWVudHNfZXhwb3J0c19ldXNvdWFtb21fMjAyMzA1=MjQxODA2MzJfNjQ2ZTUyMjg2NTRiZS54bHN4
178,20/05/2023 10:39 PM,eusouamom,"Reply: @luanmartinss1208 Obrigado, Luan! Comprometo-me a persistir em meu trabalho em prol da popula√ß√£o.","
",20/05/2023 10:27:04 pm,https://www.instagram.com/p/CsfJl0RtQIh/,https://api.iconosquare.com/file-downloader/exports/ZXhwb3J0cy9jb=21tZW50cy8yNzIwMzEzLzE2MDA4NjQvY29tbWVudHNfZXhwb3J0c19ldXNvdWFtb21fMjAyMzA1=MjQxODA2MzJfNjQ2ZTUyMjg2NTRiZS54bHN4
179,20/05/2023 10:30 PM,abreuofthechaos,Faltaram dois quadrinhos: √¥nibus demorar uma vida pra passar e o arrast√£o dentro do √¥nibus.,"
",20/05/2023 10:27:04 pm,https://www.instagram.com/p/CsfJl0RtQIh/,https://api.iconosquare.com/file-downloader/exports/ZXhwb3J0cy9jb=21tZW50cy8yNzIwMzEzLzE2MDA4NjQvY29tbWVudHNfZXhwb3J0c19ldXNvdWFtb21fMjAyMzA1=MjQxODA2MzJfNjQ2ZTUyMjg2NTRiZS54bHN4
180,22/05/2023 10:29 PM,abreuofthechaos,Reply: @danielhertzde e o que alhos tem a ver com bugalhos?,"
",20/05/2023 10:27:04 pm,https://www.instagram.com/p/CsfJl0RtQIh/,https://api.iconosquare.com/file-downloader/exports/ZXhwb3J0cy9jb=21tZW50cy8yNzIwMzEzLzE2MDA4NjQvY29tbWVudHNfZXhwb3J0c19ldXNvdWFtb21fMjAyMzA1=MjQxODA2MzJfNjQ2ZTUyMjg2NTRiZS54bHN4
181,22/05/2023 8:56 PM,danielhertzde,Reply: @eusouamom CPI do STF j√°. Fora Lula e Xandao j√°,"
",20/05/2023 10:27:04 pm,https://www.instagram.com/p/CsfJl0RtQIh/,https://api.iconosquare.com/file-downloader/exports/ZXhwb3J0cy9jb=21tZW50cy8yNzIwMzEzLzE2MDA4NjQvY29tbWVudHNfZXhwb3J0c19ldXNvdWFtb21fMjAyMzA1=MjQxODA2MzJfNjQ2ZTUyMjg2NTRiZS54bHN4
182,21/05/2023 12:39 AM,josyoliveira10.jo,Reply: Verdadeeee,"
",20/05/2023 10:27:04 pm,https://www.instagram.com/p/CsfJl0RtQIh/,https://api.iconosquare.com/file-downloader/exports/ZXhwb3J0cy9jb=21tZW50cy8yNzIwMzEzLzE2MDA4NjQvY29tbWVudHNfZXhwb3J0c19ldXNvdWFtb21fMjAyMzA1=MjQxODA2MzJfNjQ2ZTUyMjg2NTRiZS54bHN4
183,20/05/2023 10:37 PM,eusouamom,Reply: @abreuofthechaos üò¢üò¢üò¢,"
",20/05/2023 10:27:04 pm,https://www.instagram.com/p/CsfJl0RtQIh/,https://api.iconosquare.com/file-downloader/exports/ZXhwb3J0cy9jb=21tZW50cy8yNzIwMzEzLzE2MDA4NjQvY29tbWVudHNfZXhwb3J0c19ldXNvdWFtb21fMjAyMzA1=MjQxODA2MzJfNjQ2ZTUyMjg2NTRiZS54bHN4
184,20/05/2023 10:30 PM,brendafbin,Um absurdo. üò¢,"
",20/05/2023 10:27:04 pm,https://www.instagram.com/p/CsfJl0RtQIh/,https://api.iconosquare.com/file-downloader/exports/ZXhwb3J0cy9jb=21tZW50cy8yNzIwMzEzLzE2MDA4NjQvY29tbWVudHNfZXhwb3J0c19ldXNvdWFtb21fMjAyMzA1=MjQxODA2MzJfNjQ2ZTUyMjg2NTRiZS54bHN4
185,20/05/2023 10:28 PM,juglles_,SEM NOVIDADES.,"
",20/05/2023 10:27:04 pm,https://www.instagram.com/p/CsfJl0RtQIh/,https://api.iconosquare.com/file-downloader/exports/ZXhwb3J0cy9jb=21tZW50cy8yNzIwMzEzLzE2MDA4NjQvY29tbWVudHNfZXhwb3J0c19ldXNvdWFtb21fMjAyMzA1=MjQxODA2MzJfNjQ2ZTUyMjg2NTRiZS54bHN4
186,20/05/2023 10:33 PM,eusouamom,Reply: @juglles_ üò¢üò¢üò¢,"
",20/05/2023 10:27:04 pm,https://www.instagram.com/p/CsfJl0RtQIh/,https://api.iconosquare.com/file-downloader/exports/ZXhwb3J0cy9jb=21tZW50cy8yNzIwMzEzLzE2MDA4NjQvY29tbWVudHNfZXhwb3J0c19ldXNvdWFtb21fMjAyMzA1=MjQxODA2MzJfNjQ2ZTUyMjg2NTRiZS54bHN4
